MAT,,,9437,9437,9437,9437,9437,9437,9437,9437,9437,9437,9437,9437,9437,9437,9437,9437,9437,9437,9437,9437,9437,9437,9437,9437,9437,9437,9437,9437,9437,9437,9437,9437,9437,9437,9437,9437,9437,9437,9437,9437,9437,9437,9437,9437,9437,9437,9437,9437,9437,9437,9437,9437,9437,9437,9437,9437,9437,9437,9437,9437,9437,9437,9437,9437,9437,9437,9437,9437,9437,9437,9437,9437,9437,9437,9437,9437,9437,9437,9437,9437,9437,9437,9437,9437,9437,9437,9437,9437,9437,9437,9437,9437,9437,9437,9437,9437,9437,9437,9437
MT,,,2,2,2,2,2,2,2,2,2,2,2,2,2,2,2,2,2,2,2,2,2,2,2,2,2,2,2,2,2,2,2,2,2,18,18,18,18,18,18,18,18,18,18,18,18,18,18,18,18,18,18,18,18,18,18,18,18,18,18,18,18,18,18,18,18,18,102,102,102,102,102,102,102,102,102,102,102,102,102,102,102,102,102,102,102,102,102,102,102,102,102,102,102,102,102,102,102,102,102
E,,,"(1e-05, 0.1]","(0.1, 0.54]","(0.54, 4.0]","(4.0, 8.31529]","(8.31529, 13.6945]","(13.6945, 22.5639]","(22.5639, 40.0322]","(40.0322, 67.8149]","(67.8149, 92.0143]","(92.0143, 148.83]","(148.83, 303.339]","(303.339, 455.653]","(455.653, 750.762]","(750.762, 1237.0]","(1237.0, 2038.15]","(2038.15, 3420.87]","(3420.87, 5533.14]","(5533.14, 9116.74]","(9116.74, 15021.3]","(15021.3, 25211.9]","(25211.9, 40779.5]","(40779.5, 67190.7]","(67190.7, 110707.0]","(110707.0, 182408.0]","(182408.0, 303339.0]","(303339.0, 499799.0]","(499799.0, 823498.0]","(823498.0, 1356840.0]","(1356840.0, 2235620.0]","(2235620.0, 3683540.0]","(3683540.0, 6069220.0]","(6069220.0, 10000000.0]","(10000000.0, 20000000.0]","(1e-05, 0.1]","(0.1, 0.54]","(0.54, 4.0]","(4.0, 8.31529]","(8.31529, 13.6945]","(13.6945, 22.5639]","(22.5639, 40.0322]","(40.0322, 67.8149]","(67.8149, 92.0143]","(92.0143, 148.83]","(148.83, 303.339]","(303.339, 455.653]","(455.653, 750.762]","(750.762, 1237.0]","(1237.0, 2038.15]","(2038.15, 3420.87]","(3420.87, 5533.14]","(5533.14, 9116.74]","(9116.74, 15021.3]","(15021.3, 25211.9]","(25211.9, 40779.5]","(40779.5, 67190.7]","(67190.7, 110707.0]","(110707.0, 182408.0]","(182408.0, 303339.0]","(303339.0, 499799.0]","(499799.0, 823498.0]","(823498.0, 1356840.0]","(1356840.0, 2235620.0]","(2235620.0, 3683540.0]","(3683540.0, 6069220.0]","(6069220.0, 10000000.0]","(10000000.0, 20000000.0]","(1e-05, 0.1]","(0.1, 0.54]","(0.54, 4.0]","(4.0, 8.31529]","(8.31529, 13.6945]","(13.6945, 22.5639]","(22.5639, 40.0322]","(40.0322, 67.8149]","(67.8149, 92.0143]","(92.0143, 148.83]","(148.83, 303.339]","(303.339, 455.653]","(455.653, 750.762]","(750.762, 1237.0]","(1237.0, 2038.15]","(2038.15, 3420.87]","(3420.87, 5533.14]","(5533.14, 9116.74]","(9116.74, 15021.3]","(15021.3, 25211.9]","(25211.9, 40779.5]","(40779.5, 67190.7]","(67190.7, 110707.0]","(110707.0, 182408.0]","(182408.0, 303339.0]","(303339.0, 499799.0]","(499799.0, 823498.0]","(823498.0, 1356840.0]","(1356840.0, 2235620.0]","(2235620.0, 3683540.0]","(3683540.0, 6069220.0]","(6069220.0, 10000000.0]","(10000000.0, 20000000.0]"
MAT,MT,E,,,,,,,,,,,,,,,,,,,,,,,,,,,,,,,,,,,,,,,,,,,,,,,,,,,,,,,,,,,,,,,,,,,,,,,,,,,,,,,,,,,,,,,,,,,,,,,,,,,
9437,2,"(1e-05, 0.1]",0.00213314,0.00169457,0.00199864,0.00195878,0.00175099,0.001126345,0.002039451,-0.0001517886,-0.0006399271,0.0006888969,-0.000376657,0.0008706155,0.0005040825,0.001088245,0.0007813151,0.0002092851,0.0,0.0,0.0,0.0,0.0,0.0,0.0,0.0,0.0,0.0,0.0,0.0,0.0,0.0,0.0,0.0,0.0,-2.6651e-05,-6.2106e-05,-6.06413e-05,-0.000224273,-0.000333121,-0.0002731846,-8.239521e-06,-0.0003261466,-0.0003186788,-0.0002703688,-0.000328772,-0.0003361756,-0.0003488192,-0.0003464729,-0.0003452019,-0.0001339244,0.0,0.0,0.0,0.0,0.0,0.0,0.0,0.0,0.0,0.0,0.0,0.0,0.0,0.0,0.0,0.0,0.0,-7.13652e-05,-4.71511e-05,-0.000159637,-0.00129966,-0.00062491,-0.001223693,-0.0001004614,-0.001297726,-0.001117359,-0.0009630828,-0.00107174,-0.0009189421,-0.0008744333,-0.000573381,-0.001057478,-0.0004718504,0.0,0.0,0.0,0.0,0.0,0.0,0.0,0.0,0.0,0.0,0.0,0.0,0.0,0.0,0.0,0.0,0.0
9437,2,"(0.1, 0.54]",0.00169457,0.00140482,0.0016239,0.00158448,0.00141896,0.0008950631,0.001655488,-0.0001989795,-0.0006051476,0.000519817,-0.000410359,0.0006669665,0.0003707157,0.0008668178,0.0006024369,0.0001585438,0.0,0.0,0.0,0.0,0.0,0.0,0.0,0.0,0.0,0.0,0.0,0.0,0.0,0.0,0.0,0.0,0.0,3.6305e-05,5.63042e-05,2.18922e-06,-0.000165778,-0.000261094,-0.0002095986,1.692538e-07,-0.0002444133,-0.0002422394,-0.0001807842,-0.000252806,-0.0002463344,-0.000270646,-0.0002524608,-0.0002560585,-0.0001037352,0.0,0.0,0.0,0.0,0.0,0.0,0.0,0.0,0.0,0.0,0.0,0.0,0.0,0.0,0.0,0.0,0.0,0.000103166,0.00012078,-1.67591e-05,-0.00113831,-0.000546022,-0.001072165,-8.821522e-05,-0.001141802,-0.0009882399,-0.00085233,-0.000944431,-0.0008089485,-0.0007551159,-0.0004891514,-0.0009079528,-0.0004037287,0.0,0.0,0.0,0.0,0.0,0.0,0.0,0.0,0.0,0.0,0.0,0.0,0.0,0.0,0.0,0.0,0.0
9437,2,"(0.54, 4.0]",0.00199864,0.0016239,0.00189683,0.00185193,0.00166002,0.001037054,0.001939397,-0.0002758547,-0.0007500474,0.0005892924,-0.000530816,0.0007605952,0.0004052735,0.001003123,0.0006801706,0.0001760044,0.0,0.0,0.0,0.0,0.0,0.0,0.0,0.0,0.0,0.0,0.0,0.0,0.0,0.0,0.0,0.0,0.0,9.95489e-06,1.58869e-06,-1.98739e-05,-0.00018699,-0.000303001,-0.0002357461,-6.031485e-07,-0.0002819329,-0.0002772029,-0.0002102279,-0.000286652,-0.0002847713,-0.0003134973,-0.0002946172,-0.0002997049,-0.0001222183,0.0,0.0,0.0,0.0,0.0,0.0,0.0,0.0,0.0,0.0,0.0,0.0,0.0,0.0,0.0,0.0,0.0,3.48382e-05,5.70731e-05,-8.77189e-05,-0.00138464,-0.000663841,-0.001303877,-0.0001073972,-0.001387626,-0.001200958,-0.001034016,-0.0011475,-0.0009841257,-0.0009192384,-0.0005902149,-0.001103396,-0.0004913242,0.0,0.0,0.0,0.0,0.0,0.0,0.0,0.0,0.0,0.0,0.0,0.0,0.0,0.0,0.0,0.0,0.0
9437,2,"(4.0, 8.31529]",0.00195878,0.00158448,0.00185193,0.00181607,0.00162757,0.001069462,0.00188972,-8.572462e-05,-0.0005281518,0.0006748504,-0.000285915,0.000838806,0.0005099637,0.001033345,0.0007584982,0.0002073411,0.0,0.0,0.0,0.0,0.0,0.0,0.0,0.0,0.0,0.0,0.0,0.0,0.0,0.0,0.0,0.0,0.0,4.63142e-06,-5.15813e-06,-2.18835e-05,-0.000166903,-0.000263314,-0.0002095487,-1.506621e-06,-0.0002497867,-0.0002450481,-0.0001883426,-0.000254058,-0.0002509574,-0.0002773327,-0.0002614289,-0.0002660035,-0.0001078316,0.0,0.0,0.0,0.0,0.0,0.0,0.0,0.0,0.0,0.0,0.0,0.0,0.0,0.0,0.0,0.0,0.0,1.63032e-05,3.51026e-05,-8.23745e-05,-0.0011473,-0.000550617,-0.001080175,-8.896126e-05,-0.00115612,-0.001003447,-0.0008614448,-0.000961496,-0.0008204883,-0.000777669,-0.0004995804,-0.0009371134,-0.0004179995,0.0,0.0,0.0,0.0,0.0,0.0,0.0,0.0,0.0,0.0,0.0,0.0,0.0,0.0,0.0,0.0,0.0
9437,2,"(8.31529, 13.6945]",0.00175099,0.00141896,0.00166002,0.00162757,0.00147363,0.0009654302,0.001708602,-0.0001567605,-0.0005290284,0.0005927381,-0.00034754,0.0007327723,0.0004381599,0.0009294136,0.0006621562,0.0001793151,0.0,0.0,0.0,0.0,0.0,0.0,0.0,0.0,0.0,0.0,0.0,0.0,0.0,0.0,0.0,0.0,0.0,6.35729e-06,-1.34937e-05,1.64894e-05,-4.14865e-05,-0.000136842,-7.112086e-05,1.310785e-05,-0.0001079333,-0.0001008255,-4.475808e-05,-9.98108e-05,-9.861159e-05,-0.0001496544,-0.0001158991,-0.00013217,-6.525004e-05,0.0,0.0,0.0,0.0,0.0,0.0,0.0,0.0,0.0,0.0,0.0,0.0,0.0,0.0,0.0,0.0,0.0,3.60472e-05,5.11674e-05,-6.75191e-05,-0.00114951,-0.000546989,-0.001082394,-9.006443e-05,-0.001172069,-0.00103022,-0.0008724672,-0.000978524,-0.0008296763,-0.000761551,-0.0004581843,-0.0009001116,-0.0004008167,0.0,0.0,0.0,0.0,0.0,0.0,0.0,0.0,0.0,0.0,0.0,0.0,0.0,0.0,0.0,0.0,0.0
9437,2,"(13.6945, 22.5639]",0.001126345,0.0008950631,0.001037054,0.001069462,0.0009654302,0.0009924301,0.001038941,0.001168349,0.001076137,0.001050751,0.001370963,0.001114916,0.001060758,0.0009541721,0.001069369,0.00035826,0.0,0.0,0.0,0.0,0.0,0.0,0.0,0.0,0.0,0.0,0.0,0.0,0.0,0.0,0.0,0.0,0.0,1.417869e-07,2.178948e-06,2.000765e-05,8.995467e-05,0.0001473123,0.0001069786,4.740089e-06,0.0001248826,0.0001258644,0.0001090845,0.0001270499,0.0001401148,0.0001218214,0.0001299045,0.000121657,4.3539e-05,0.0,0.0,0.0,0.0,0.0,0.0,0.0,0.0,0.0,0.0,0.0,0.0,0.0,0.0,0.0,0.0,0.0,-1.122456e-05,-2.257684e-05,4.638917e-05,0.0006766171,0.0003249343,0.0006380921,5.202076e-05,0.0006312527,0.0005202984,0.0004653367,0.0004839436,0.0004393177,0.0003516783,0.0002470547,0.0004067254,0.0001774809,0.0,0.0,0.0,0.0,0.0,0.0,0.0,0.0,0.0,0.0,0.0,0.0,0.0,0.0,0.0,0.0,0.0
9437,2,"(22.5639, 40.0322]",0.002039451,0.001655488,0.001939397,0.00188972,0.001708602,0.001038941,0.002001013,-0.0004687,-0.000945282,0.0005363356,-0.0007638051,0.0007066813,0.0003310323,0.0009987873,0.0006213832,0.0001528976,0.0,0.0,0.0,0.0,0.0,0.0,0.0,0.0,0.0,0.0,0.0,0.0,0.0,0.0,0.0,0.0,0.0,7.85415e-06,-1.701181e-05,9.047186e-06,-0.0001001609,-0.0002356391,-0.0001458313,1.312362e-05,-0.0001988607,-0.0001893034,-0.0001069623,-0.0001906051,-0.0001872703,-0.0002491324,-0.0002079404,-0.0002260509,-0.0001035496,0.0,0.0,0.0,0.0,0.0,0.0,0.0,0.0,0.0,0.0,0.0,0.0,0.0,0.0,0.0,0.0,0.0,4.374861e-05,6.596824e-05,-0.0001015295,-0.00162852,-0.0007765967,-0.001533392,-0.000127334,-0.001660754,-0.001454103,-0.001234489,-0.001381423,-0.001170763,-0.001072516,-0.0006575489,-0.001268286,-0.0005637724,0.0,0.0,0.0,0.0,0.0,0.0,0.0,0.0,0.0,0.0,0.0,0.0,0.0,0.0,0.0,0.0,0.0
9437,2,"(40.0322, 67.8149]",-0.0001517886,-0.0001989795,-0.0002758547,-8.572462e-05,-0.0001567605,0.001168349,-0.0004687,0.005069782,0.005547699,0.00239676,0.006202348,0.002305392,0.00279418,0.001175353,0.002331802,0.0008791509,0.0,0.0,0.0,0.0,0.0,0.0,0.0,0.0,0.0,0.0,0.0,0.0,0.0,0.0,0.0,0.0,0.0,-3.260537e-05,7.247558e-05,-0.0001349074,-3.87058e-05,0.000421097,8.101282e-05,-8.476747e-05,0.000247907,0.000199332,-0.0001017369,0.000163746,0.0001523501,0.000418931,0.0002380827,0.0003122115,0.0001789002,0.0,0.0,0.0,0.0,0.0,0.0,0.0,0.0,0.0,0.0,0.0,0.0,0.0,0.0,0.0,0.0,0.0,-0.0002262031,-0.0002898254,0.0002899661,0.005568159,0.002642001,0.005242746,0.0004381525,0.005742384,0.005049513,0.004222005,0.00472168,0.003937587,0.003368234,0.002038929,0.003867628,0.001701096,0.0,0.0,0.0,0.0,0.0,0.0,0.0,0.0,0.0,0.0,0.0,0.0,0.0,0.0,0.0,0.0,0.0
9437,2,"(67.8149, 92.0143]",-0.0006399271,-0.0006051476,-0.0007500474,-0.0005281518,-0.0005290284,0.001076137,-0.000945282,0.005547699,0.006361328,0.002541098,0.006997269,0.002397099,0.003056865,0.001080221,0.002463252,0.0009448313,0.0,0.0,0.0,0.0,0.0,0.0,0.0,0.0,0.0,0.0,0.0,0.0,0.0,0.0,0.0,0.0,0.0,-4.65885e-05,5.513533e-05,-7.669584e-05,0.0002513757,0.0007704176,0.0004161967,-6.441979e-05,0.0005791854,0.0005481988,0.0001072557,0.0005431449,0.0004583855,0.0007678566,0.0005472122,0.0006226548,0.0003032718,0.0,0.0,0.0,0.0,0.0,0.0,0.0,0.0,0.0,0.0,0.0,0.0,0.0,0.0,0.0,0.0,0.0,-0.0002281794,-0.0003098771,0.0003442222,0.00625668,0.002979635,0.005891696,0.0004903511,0.006445363,0.00570507,0.004794935,0.005362811,0.004479142,0.003930587,0.002415949,0.004547912,0.002003019,0.0,0.0,0.0,0.0,0.0,0.0,0.0,0.0,0.0,0.0,0.0,0.0,0.0,0.0,0.0,0.0,0.0
9437,2,"(92.0143, 148.83]",0.0006888969,0.000519817,0.0005892924,0.0006748504,0.0005927381,0.001050751,0.0005363356,0.00239676,0.002541098,0.001497891,0.002972657,0.001510688,0.001656844,0.001021489,0.001493363,0.0005334584,0.0,0.0,0.0,0.0,0.0,0.0,0.0,0.0,0.0,0.0,0.0,0.0,0.0,0.0,0.0,0.0,0.0,-1.25036e-05,1.640856e-05,-9.004149e-06,0.0001206806,0.0003065248,0.0001728078,-1.40885e-05,0.0002336797,0.0002274842,0.0001120645,0.0002255387,0.0002230543,0.0002800501,0.0002321265,0.0002467371,0.0001129631,0.0,0.0,0.0,0.0,0.0,0.0,0.0,0.0,0.0,0.0,0.0,0.0,0.0,0.0,0.0,0.0,0.0,-7.662912e-05,-0.0001074819,0.0001257257,0.002238287,0.001067378,0.002109379,0.0001747906,0.002244644,0.001954009,0.001677239,0.001839094,0.001573772,0.001354314,0.0008451494,0.001565511,0.0006891758,0.0,0.0,0.0,0.0,0.0,0.0,0.0,0.0,0.0,0.0,0.0,0.0,0.0,0.0,0.0,0.0,0.0
9437,2,"(148.83, 303.339]",-0.000376657,-0.000410359,-0.000530816,-0.000285915,-0.00034754,0.001370963,-0.0007638051,0.006202348,0.006997269,0.002972657,0.0080668,0.002907027,0.003645677,0.001351382,0.002951203,0.001119044,0.0,0.0,0.0,0.0,0.0,0.0,0.0,0.0,0.0,0.0,0.0,0.0,0.0,0.0,0.0,0.0,0.0,-5.67073e-05,7.32687e-05,-0.00016208,2.11587e-05,0.000613119,0.0001530765,-9.326102e-05,0.0003108461,0.0002993456,-0.0001577684,0.000289546,0.0002205488,0.0005624267,0.0002787455,0.00039302,0.0002637659,0.0,0.0,0.0,0.0,0.0,0.0,0.0,0.0,0.0,0.0,0.0,0.0,0.0,0.0,0.0,0.0,0.0,-0.000296302,-0.000378875,0.000361438,0.00708124,0.003365,0.006674676,0.0005560817,0.007199025,0.006362913,0.00543466,0.00604722,0.005152362,0.004486446,0.002635299,0.005154773,0.002275178,0.0,0.0,0.0,0.0,0.0,0.0,0.0,0.0,0.0,0.0,0.0,0.0,0.0,0.0,0.0,0.0,0.0
9437,2,"(303.339, 455.653]",0.0008706155,0.0006669665,0.0007605952,0.000838806,0.0007327723,0.001114916,0.0007066813,0.002305392,0.002397099,0.001510688,0.002907027,0.001571491,0.001705993,0.001079047,0.001555465,0.0005484147,0.0,0.0,0.0,0.0,0.0,0.0,0.0,0.0,0.0,0.0,0.0,0.0,0.0,0.0,0.0,0.0,0.0,-1.626377e-05,1.746147e-05,-3.572177e-05,4.262755e-05,0.0002170301,8.125704e-05,-2.184141e-05,0.0001293214,0.0001281059,1.088879e-05,0.0001271893,0.0001213613,0.0001819017,0.0001184496,0.0001462785,8.522853e-05,0.0,0.0,0.0,0.0,0.0,0.0,0.0,0.0,0.0,0.0,0.0,0.0,0.0,0.0,0.0,0.0,0.0,-7.829278e-05,-0.0001037985,0.0001123329,0.002079031,0.0009894818,0.001960184,0.0001627657,0.00208165,0.00181763,0.001567277,0.00172855,0.001506281,0.001314452,0.0007705679,0.001501815,0.0006616178,0.0,0.0,0.0,0.0,0.0,0.0,0.0,0.0,0.0,0.0,0.0,0.0,0.0,0.0,0.0,0.0,0.0
9437,2,"(455.653, 750.762]",0.0005040825,0.0003707157,0.0004052735,0.0005099637,0.0004381599,0.001060758,0.0003310323,0.00279418,0.003056865,0.001656844,0.003645677,0.001705993,0.002164932,0.001024283,0.001864713,0.0006738053,0.0,0.0,0.0,0.0,0.0,0.0,0.0,0.0,0.0,0.0,0.0,0.0,0.0,0.0,0.0,0.0,0.0,-1.919969e-05,3.175883e-05,-3.850846e-05,0.00013472,0.0003762591,0.0001954744,-2.639614e-05,0.000267943,0.0002714845,0.000123773,0.0002798238,0.0002706046,0.0004033037,0.0003057858,0.0003566284,0.0001912149,0.0,0.0,0.0,0.0,0.0,0.0,0.0,0.0,0.0,0.0,0.0,0.0,0.0,0.0,0.0,0.0,0.0,-6.510365e-05,-0.0001006907,0.0001853822,0.002824588,0.001347375,0.002663813,0.0002205893,0.002815326,0.002455021,0.002139151,0.002360642,0.002117136,0.002114644,0.001177381,0.002416436,0.001072583,0.0,0.0,0.0,0.0,0.0,0.0,0.0,0.0,0.0,0.0,0.0,0.0,0.0,0.0,0.0,0.0,0.0
9437,2,"(750.762, 1237.0]",0.001088245,0.0008668178,0.001003123,0.001033345,0.0009294136,0.0009541721,0.0009987873,0.001175353,0.001080221,0.001021489,0.001351382,0.001079047,0.001024283,0.0009435238,0.0010367,0.0003507902,0.0,0.0,0.0,0.0,0.0,0.0,0.0,0.0,0.0,0.0,0.0,0.0,0.0,0.0,0.0,0.0,0.0,4.433144e-06,9.485735e-06,1.592594e-05,7.05834e-05,0.0001251402,9.18898e-05,9.587831e-07,0.0001196357,0.0001124077,0.0001001601,0.0001116328,0.0001233672,0.0001384493,0.0001377078,0.0001279005,4.291577e-05,0.0,0.0,0.0,0.0,0.0,0.0,0.0,0.0,0.0,0.0,0.0,0.0,0.0,0.0,0.0,0.0,0.0,-1.228169e-05,-2.255212e-05,4.442914e-05,0.0006566641,0.000314268,0.0006180412,5.09684e-05,0.0006520692,0.000558215,0.0004742947,0.0005232973,0.0004336779,0.0003492753,0.0002649759,0.0003821754,0.0001723118,0.0,0.0,0.0,0.0,0.0,0.0,0.0,0.0,0.0,0.0,0.0,0.0,0.0,0.0,0.0,0.0,0.0
9437,2,"(1237.0, 2038.15]",0.0007813151,0.0006024369,0.0006801706,0.0007584982,0.0006621562,0.001069369,0.0006213832,0.002331802,0.002463252,0.001493363,0.002951203,0.001555465,0.001864713,0.0010367,0.001815065,0.0006478296,4.98168e-07,4.910056e-07,4.920563e-07,4.974435e-07,5.095084e-07,5.261249e-07,5.394513e-07,5.30706e-07,4.995676e-07,4.491343e-07,3.851522e-07,4.530075e-07,6.568145e-07,5.829862e-07,4.031778e-07,4.309723e-07,4.040555e-07,-1.914337e-05,2.869011e-05,-4.769164e-05,8.220526e-05,0.0002602651,0.0001389987,-3.031358e-05,0.0001906627,0.0001894725,5.013436e-05,0.0001970295,0.0001651692,0.0003023341,0.0002035128,0.000269636,0.0001630666,-2.282054e-07,-1.245496e-07,4.132992e-08,1.394916e-07,1.620998e-07,8.55857e-08,-5.079704e-08,-1.696042e-07,-2.077887e-07,-2.406085e-07,-1.437572e-07,1.995913e-08,-4.99101e-08,-9.979815e-08,-1.469171e-07,-1.297149e-07,-1.178665e-07,-4.943447e-05,-7.54114e-05,0.0001367391,0.002091538,0.000996337,0.0019703,0.0001636404,0.002126791,0.001879981,0.001604449,0.001809823,0.001581676,0.001611922,0.0009129885,0.002068748,0.0009341202,6.477066e-07,7.189731e-07,8.993283e-07,1.089643e-06,1.198622e-06,1.236435e-06,1.120924e-06,1.027524e-06,9.633853e-07,1.070354e-06,1.359089e-06,1.950358e-06,2.581248e-06,3.28647e-06,2.703794e-06,6.68942e-07,5.801357e-07
9437,2,"(2038.15, 3420.87]",0.0002092851,0.0001585438,0.0001760044,0.0002073411,0.0001793151,0.00035826,0.0001528976,0.0008791509,0.0009448313,0.0005334584,0.001119044,0.0005484147,0.0006738053,0.0003507902,0.0006478296,0.0003437075,0.0001497516,0.0001475995,0.0001479193,0.0001495408,0.0001531655,0.0001581598,0.0001621648,0.0001595348,0.0001501723,0.0001350128,0.0001157825,0.0001361904,0.000197465,0.0001752758,0.0001212213,0.0001295763,0.0001214712,-6.310538e-06,1.312425e-05,-1.614873e-05,3.801034e-05,0.0001100708,6.045655e-05,-1.102813e-05,8.134981e-05,8.197375e-05,3.066068e-05,8.420147e-05,7.553491e-05,0.000121646,8.896035e-05,0.0001130701,1.150827e-05,-6.847762e-05,-3.732717e-05,1.251947e-05,4.201673e-05,4.88103e-05,2.580776e-05,-1.519047e-05,-5.092369e-05,-6.242289e-05,-7.230934e-05,-4.320638e-05,6.004491e-06,-1.499276e-05,-2.997903e-05,-4.417876e-05,-3.898006e-05,-3.541946e-05,-2.020456e-05,-3.10861e-05,5.4524e-05,0.0008442744,0.0004023564,0.0007954497,6.59499e-05,0.000851054,0.0007462183,0.0006403964,0.0007166469,0.0006294821,0.0006306589,0.0003673339,0.0008144906,0.0005041226,0.0001945381,0.0002159589,0.0002701698,0.000327362,0.000360099,0.0003714598,0.0003367233,0.0003087717,0.0002895526,0.0003218357,0.000408838,0.0005867491,0.0007765623,0.0009886345,0.0008139998,0.0002012734,0.0001743837
9437,2,"(3420.87, 5533.14]",0.0,0.0,0.0,0.0,0.0,0.0,0.0,0.0,0.0,0.0,0.0,0.0,0.0,0.0,4.98168e-07,0.0001497516,0.0002230184,0.0002198309,0.0002203828,0.0002228356,0.0002281959,0.0002356193,0.0002415648,0.0002376282,0.0002236427,0.0002010852,0.0001725041,0.0002030921,0.000294522,0.0002615494,0.0001809876,0.0001934279,0.0001810949,0.0,0.0,0.0,0.0,0.0,0.0,0.0,0.0,0.0,0.0,0.0,0.0,0.0,0.0,-1.701495e-07,-8.192657e-05,-9.966586e-05,-5.344496e-05,2.045662e-05,6.418468e-05,7.425323e-05,3.995778e-05,-2.111684e-05,-7.469744e-05,-9.221682e-05,-0.0001073323,-6.419897e-05,9.03101e-06,-2.212982e-05,-4.425243e-05,-6.607419e-05,-5.780779e-05,-5.252565e-05,0.0,0.0,0.0,0.0,0.0,0.0,0.0,0.0,0.0,0.0,0.0,0.0,0.0,0.0,2.818119e-07,0.0001782322,0.0002865763,0.0003184337,0.0003990786,0.0004839242,0.0005322504,0.0005490565,0.0004970681,0.0004578135,0.0004303539,0.000480854,0.0006143542,0.0008825906,0.001168395,0.001485731,0.001235524,0.0003032829,0.0002595531
9437,2,"(5533.14, 9116.74]",0.0,0.0,0.0,0.0,0.0,0.0,0.0,0.0,0.0,0.0,0.0,0.0,0.0,0.0,4.910056e-07,0.0001475995,0.0002198309,0.00021682,0.0002174508,0.0002198946,0.000225206,0.000232485,0.0002383266,0.0002343736,0.0002205568,0.0001982926,0.000170211,0.000200593,0.0002910752,0.000258595,0.0001790944,0.000191404,0.0001788471,0.0,0.0,0.0,0.0,0.0,0.0,0.0,0.0,0.0,0.0,0.0,0.0,0.0,0.0,-1.631624e-07,-7.854715e-05,-9.505821e-05,-4.97318e-05,2.266711e-05,6.551795e-05,7.53443e-05,4.148981e-05,-1.874867e-05,-7.210721e-05,-8.995553e-05,-0.0001053824,-6.316114e-05,8.979728e-06,-2.158484e-05,-4.311636e-05,-6.55834e-05,-5.67308e-05,-5.155633e-05,0.0,0.0,0.0,0.0,0.0,0.0,0.0,0.0,0.0,0.0,0.0,0.0,0.0,0.0,2.730846e-07,0.0001727252,0.0002781694,0.000309476,0.0003888497,0.00047202,0.000519113,0.0005354246,0.000483956,0.0004486253,0.0004232413,0.0004766265,0.0006140207,0.0008833925,0.001169118,0.001484449,0.0012518,0.00030412,0.0002557423
9437,2,"(9116.74, 15021.3]",0.0,0.0,0.0,0.0,0.0,0.0,0.0,0.0,0.0,0.0,0.0,0.0,0.0,0.0,4.920563e-07,0.0001479193,0.0002203828,0.0002174508,0.0002183454,0.0002208431,0.0002261777,0.0002334417,0.0002392365,0.0002351501,0.0002212218,0.0001989101,0.0001709131,0.0002017647,0.0002930992,0.0002605802,0.00018075,0.0001931534,0.0001798538,0.0,0.0,0.0,0.0,0.0,0.0,0.0,0.0,0.0,0.0,0.0,0.0,0.0,0.0,-1.553817e-07,-7.477439e-05,-8.960544e-05,-4.455745e-05,2.720714e-05,6.969663e-05,7.942154e-05,4.537168e-05,-1.509278e-05,-6.956573e-05,-8.846981e-05,-0.0001049277,-6.311971e-05,9.120263e-06,-2.123512e-05,-4.231813e-05,-6.657821e-05,-5.641781e-05,-5.130751e-05,0.0,0.0,0.0,0.0,0.0,0.0,0.0,0.0,0.0,0.0,0.0,0.0,0.0,0.0,2.652098e-07,0.0001677664,0.0002709709,0.0003022196,0.0003815613,0.0004641586,0.0005102652,0.0005262671,0.0004741578,0.0004449523,0.0004224485,0.0004825269,0.000630636,0.0009096105,0.001203343,0.001524215,0.001316048,0.0003142434,0.0002561004
9437,2,"(15021.3, 25211.9]",0.0,0.0,0.0,0.0,0.0,0.0,0.0,0.0,0.0,0.0,0.0,0.0,0.0,0.0,4.974435e-07,0.0001495408,0.0002228356,0.0002198946,0.0002208431,0.0002234139,0.0002288125,0.0002361349,0.0002419737,0.0002378395,0.00022373,0.0002011456,0.0001728869,0.0002041959,0.0002967221,0.0002638552,0.0001830779,0.000195641,0.0001820205,0.0,0.0,0.0,0.0,0.0,0.0,0.0,0.0,0.0,0.0,0.0,0.0,0.0,0.0,-1.548232e-07,-7.449755e-05,-8.900913e-05,-4.358394e-05,2.873759e-05,7.158923e-05,8.137403e-05,4.691723e-05,-1.423354e-05,-6.958536e-05,-8.896001e-05,-0.0001058547,-6.373901e-05,9.273498e-06,-2.134583e-05,-4.252943e-05,-6.752735e-05,-5.690983e-05,-5.175102e-05,0.0,0.0,0.0,0.0,0.0,0.0,0.0,0.0,0.0,0.0,0.0,0.0,0.0,0.0,2.659134e-07,0.0001682153,0.0002718331,0.0003034087,0.0003835683,0.0004668663,0.0005132178,0.0005293006,0.0004765473,0.0004485693,0.0004265914,0.0004890767,0.0006415669,0.0009260434,0.001224841,0.001550632,0.001346902,0.000320207,0.0002588737
9437,2,"(25211.9, 40779.5]",0.0,0.0,0.0,0.0,0.0,0.0,0.0,0.0,0.0,0.0,0.0,0.0,0.0,0.0,5.095084e-07,0.0001531655,0.0002281959,0.000225206,0.0002261777,0.0002288125,0.000234384,0.0002418394,0.0002478419,0.0002435844,0.0002291341,0.0002060048,0.0001770622,0.0002091487,0.0003039182,0.000270281,0.0001875372,0.000200406,0.0001864166,0.0,0.0,0.0,0.0,0.0,0.0,0.0,0.0,0.0,0.0,0.0,0.0,0.0,0.0,-1.582939e-07,-7.616625e-05,-9.095903e-05,-4.44443e-05,2.959528e-05,7.345577e-05,8.34645e-05,4.817155e-05,-1.445585e-05,-7.116626e-05,-9.103802e-05,-0.0001083727,-6.526024e-05,9.507712e-06,-2.18493e-05,-4.352279e-05,-6.918297e-05,-5.8264e-05,-5.298178e-05,0.0,0.0,0.0,0.0,0.0,0.0,0.0,0.0,0.0,0.0,0.0,0.0,0.0,0.0,2.720185e-07,0.0001720785,0.0002781175,0.000310479,0.0003925335,0.0004778476,0.000525287,0.0005416823,0.0004876709,0.0004592076,0.0004368096,0.0005009942,0.0006574716,0.0009490161,0.001255386,0.00158905,0.001381145,0.000328204,0.0002651265
9437,2,"(40779.5, 67190.7]",0.0,0.0,0.0,0.0,0.0,0.0,0.0,0.0,0.0,0.0,0.0,0.0,0.0,0.0,5.261249e-07,0.0001581598,0.0002356193,0.000232485,0.0002334417,0.0002361349,0.0002418394,0.0002496305,0.0002558018,0.0002514578,0.00023654,0.0002126622,0.0001827483,0.0002157574,0.0003134276,0.0002786531,0.0001932672,0.0002065499,0.0001923266,0.0,0.0,0.0,0.0,0.0,0.0,0.0,0.0,0.0,0.0,0.0,0.0,0.0,0.0,-1.65877e-07,-7.98234e-05,-9.560175e-05,-4.746382e-05,2.925292e-05,7.468168e-05,8.505055e-05,4.86287e-05,-1.601489e-05,-7.425254e-05,-9.443519e-05,-0.000111997,-6.73403e-05,9.845849e-06,-2.263472e-05,-4.517901e-05,-7.109414e-05,-6.019397e-05,-5.472977e-05,0.0,0.0,0.0,0.0,0.0,0.0,0.0,0.0,0.0,0.0,0.0,0.0,0.0,0.0,2.834699e-07,0.0001793177,0.0002896401,0.0003230907,0.0004079693,0.0004962844,0.0005455823,0.0005626912,0.0005070397,0.000475653,0.0004515113,0.0005154947,0.0006735947,0.0009716781,0.001285462,0.001628512,0.001405025,0.0003357212,0.0002738058
9437,2,"(67190.7, 110707.0]",0.0,0.0,0.0,0.0,0.0,0.0,0.0,0.0,0.0,0.0,0.0,0.0,0.0,0.0,5.394513e-07,0.0001621648,0.0002415648,0.0002383266,0.0002392365,0.0002419737,0.0002478419,0.0002558018,0.000262229,0.0002577513,0.0002424838,0.0002180058,0.0001872844,0.0002210022,0.0003209816,0.0002853116,0.0001978227,0.0002113981,0.0001970217,0.0,0.0,0.0,0.0,0.0,0.0,0.0,0.0,0.0,0.0,0.0,0.0,0.0,0.0,-1.722866e-07,-8.291554e-05,-9.955811e-05,-5.007293e-05,2.878443e-05,7.549691e-05,8.615024e-05,4.885271e-05,-1.741993e-05,-7.683005e-05,-9.722336e-05,-0.0001149477,-6.903659e-05,1.010086e-05,-2.328713e-05,-4.65476e-05,-7.261275e-05,-6.177029e-05,-5.614721e-05,0.0,0.0,0.0,0.0,0.0,0.0,0.0,0.0,0.0,0.0,0.0,0.0,0.0,0.0,2.930722e-07,0.0001853833,0.0002991308,0.0003334403,0.0004205616,0.0005113281,0.0005622757,0.0005799185,0.0005230631,0.0004889354,0.000463318,0.0005269956,0.0006858854,0.0009888026,0.001308385,0.001658695,0.001422296,0.0003414203,0.0002807988
9437,2,"(110707.0, 182408.0]",0.0,0.0,0.0,0.0,0.0,0.0,0.0,0.0,0.0,0.0,0.0,0.0,0.0,0.0,5.30706e-07,0.0001595348,0.0002376282,0.0002343736,0.0002351501,0.0002378395,0.0002435844,0.0002514578,0.0002577513,0.0002534997,0.0002384848,0.0002143884,0.0001840836,0.0002170306,0.0003150246,0.0002799018,0.0001939113,0.0002072189,0.0001935027,0.0,0.0,0.0,0.0,0.0,0.0,0.0,0.0,0.0,0.0,0.0,0.0,0.0,0.0,-1.738048e-07,-8.366068e-05,-0.0001009276,-5.202834e-05,2.601538e-05,7.219498e-05,8.275028e-05,4.612307e-05,-1.902122e-05,-7.687672e-05,-9.630866e-05,-0.0001131337,-6.774484e-05,1.005913e-05,-2.299894e-05,-4.618021e-05,-7.074425e-05,-6.07058e-05,-5.515283e-05,0.0,0.0,0.0,0.0,0.0,0.0,0.0,0.0,0.0,0.0,0.0,0.0,0.0,0.0,2.931267e-07,0.0001854066,0.0002987674,0.0003326537,0.0004185109,0.000508343,0.0005591075,0.0005767378,0.0005211215,0.0004836274,0.0004564815,0.0005148286,0.0006643611,0.0009567933,0.00126641,0.001607865,0.001358853,0.0003297655,0.0002763345
9437,2,"(182408.0, 303339.0]",0.0,0.0,0.0,0.0,0.0,0.0,0.0,0.0,0.0,0.0,0.0,0.0,0.0,0.0,4.995676e-07,0.0001501723,0.0002236427,0.0002205568,0.0002212218,0.00022373,0.0002291341,0.00023654,0.0002424838,0.0002384848,0.0002244475,0.000201751,0.00017318,0.000204093,0.0002961535,0.0002630553,0.0001821642,0.0001946847,0.0001819673,0.0,0.0,0.0,0.0,0.0,0.0,0.0,0.0,0.0,0.0,0.0,0.0,0.0,0.0,-1.658023e-07,-7.981565e-05,-9.651661e-05,-5.039171e-05,2.329081e-05,6.687096e-05,7.684116e-05,4.2389e-05,-1.890861e-05,-7.308699e-05,-9.112064e-05,-0.0001067042,-6.385667e-05,9.386924e-06,-2.180118e-05,-4.374543e-05,-6.639777e-05,-5.727445e-05,-5.203107e-05,0.0,0.0,0.0,0.0,0.0,0.0,0.0,0.0,0.0,0.0,0.0,0.0,0.0,0.0,2.781759e-07,0.0001759433,0.0002832762,0.0003151889,0.0003960509,0.0004808096,0.0005289055,0.0005455916,0.0004933084,0.0004564449,0.0004300907,0.000483295,0.0006214002,0.0008942407,0.001183692,0.001503696,0.001262695,0.0003078676,0.000260124
9437,2,"(303339.0, 499799.0]",0.0,0.0,0.0,0.0,0.0,0.0,0.0,0.0,0.0,0.0,0.0,0.0,0.0,0.0,4.491343e-07,0.0001350128,0.0002010852,0.0001982926,0.0001989101,0.0002011456,0.0002060048,0.0002126622,0.0002180058,0.0002143884,0.000201751,0.0001814194,0.0001557137,0.000183493,0.000266264,0.0002365538,0.0001638143,0.0001750736,0.0001635999,0.0,0.0,0.0,0.0,0.0,0.0,0.0,0.0,0.0,0.0,0.0,0.0,0.0,0.0,-1.491906e-07,-7.182028e-05,-8.689278e-05,-4.543694e-05,2.079236e-05,5.997209e-05,6.894689e-05,3.797853e-05,-1.713492e-05,-6.595047e-05,-8.22636e-05,-9.638286e-05,-5.783663e-05,8.098401e-06,-1.98759e-05,-3.957374e-05,-6.008829e-05,-5.190774e-05,-4.71813e-05,0.0,0.0,0.0,0.0,0.0,0.0,0.0,0.0,0.0,0.0,0.0,0.0,0.0,0.0,2.497358e-07,0.0001579582,0.0002544258,0.0002831015,0.0003557177,0.000431807,0.0004749428,0.0004898663,0.000442775,0.0004103353,0.0003870184,0.0004356833,0.0005610775,0.0008073227,0.001068448,0.00135686,0.001143147,0.0002778813,0.0002338848
9437,2,"(499799.0, 823498.0]",0.0,0.0,0.0,0.0,0.0,0.0,0.0,0.0,0.0,0.0,0.0,0.0,0.0,0.0,3.851522e-07,0.0001157825,0.0001725041,0.000170211,0.0001709131,0.0001728869,0.0001770622,0.0001827483,0.0001872844,0.0001840836,0.00017318,0.0001557137,0.0001338387,0.0001579868,0.0002295084,0.0002040676,0.0001415538,0.0001512675,0.0001408156,0.0,0.0,0.0,0.0,0.0,0.0,0.0,0.0,0.0,0.0,0.0,0.0,0.0,0.0,-1.212859e-07,-5.83652e-05,-6.990076e-05,-3.464967e-05,2.14598e-05,5.470629e-05,6.229673e-05,3.563979e-05,-1.171198e-05,-5.444727e-05,-6.933222e-05,-8.232319e-05,-4.969398e-05,6.817765e-06,-1.691809e-05,-3.337425e-05,-5.248458e-05,-4.438943e-05,-4.037485e-05,0.0,0.0,0.0,0.0,0.0,0.0,0.0,0.0,0.0,0.0,0.0,0.0,0.0,0.0,2.071214e-07,0.0001310209,0.000211622,0.000236087,0.0002981671,0.0003627419,0.0003987674,0.0004112699,0.0003704959,0.0003480291,0.0003306165,0.0003781705,0.0004948007,0.000713946,0.000944467,0.001196008,0.001034619,0.0002466139,0.0002003977
9437,2,"(823498.0, 1356840.0]",0.0,0.0,0.0,0.0,0.0,0.0,0.0,0.0,0.0,0.0,0.0,0.0,0.0,0.0,4.530075e-07,0.0001361904,0.0002030921,0.000200593,0.0002017647,0.0002041959,0.0002091487,0.0002157574,0.0002210022,0.0002170306,0.000204093,0.000183493,0.0001579868,0.0001871968,0.0002724306,0.0002425733,0.0001687425,0.0001803029,0.0001667479,0.0,0.0,0.0,0.0,0.0,0.0,0.0,0.0,0.0,0.0,0.0,0.0,0.0,0.0,-1.286692e-07,-6.186954e-05,-7.25038e-05,-3.172922e-05,3.291278e-05,7.126326e-05,7.997263e-05,4.839079e-05,-7.478593e-06,-5.949592e-05,-7.882605e-05,-9.585851e-05,-5.829295e-05,8.144565e-06,-1.926542e-05,-3.775652e-05,-6.334202e-05,-5.16403e-05,-4.704598e-05,0.0,0.0,0.0,0.0,0.0,0.0,0.0,0.0,0.0,0.0,0.0,0.0,0.0,0.0,2.289541e-07,0.0001448717,0.0002354231,0.0002639523,0.000336555,0.0004111547,0.0004516589,0.0004656398,0.000416814,0.0004013737,0.0003862295,0.0004539716,0.0006098949,0.0008835098,0.001167978,0.001472824,0.001327825,0.0003070622,0.0002354783
9437,2,"(1356840.0, 2235620.0]",0.0,0.0,0.0,0.0,0.0,0.0,0.0,0.0,0.0,0.0,0.0,0.0,0.0,0.0,6.568145e-07,0.000197465,0.000294522,0.0002910752,0.0002930992,0.0002967221,0.0003039182,0.0003134276,0.0003209816,0.0003150246,0.0002961535,0.000266264,0.0002295084,0.0002724306,0.0003971007,0.0003538282,0.0002465539,0.0002634194,0.0002426684,0.0,0.0,0.0,0.0,0.0,0.0,0.0,0.0,0.0,0.0,0.0,0.0,0.0,0.0,-1.747966e-07,-8.400367e-05,-9.69392e-05,-3.84355e-05,5.409801e-05,0.00010905,0.0001214957,7.556156e-05,-5.553932e-06,-8.253844e-05,-0.000112176,-0.0001384264,-8.453897e-05,1.189706e-05,-2.734339e-05,-5.339363e-05,-9.327041e-05,-7.461871e-05,-6.803163e-05,0.0,0.0,0.0,0.0,0.0,0.0,0.0,0.0,0.0,0.0,0.0,0.0,0.0,0.0,3.191873e-07,0.0002020014,0.000329489,0.0003706464,0.0004755305,0.0005824745,0.0006393717,0.0006590125,0.0005873252,0.0005750901,0.000557976,0.0006670952,0.0009103337,0.001321742,0.001746222,0.002196101,0.002027575,0.0004608582,0.0003412401
9437,2,"(2235620.0, 3683540.0]",0.0,0.0,0.0,0.0,0.0,0.0,0.0,0.0,0.0,0.0,0.0,0.0,0.0,0.0,5.829862e-07,0.0001752758,0.0002615494,0.000258595,0.0002605802,0.0002638552,0.000270281,0.0002786531,0.0002853116,0.0002799018,0.0002630553,0.0002365538,0.0002040676,0.0002425733,0.0003538282,0.0003155849,0.0002201703,0.0002352301,0.0002160283,0.0,0.0,0.0,0.0,0.0,0.0,0.0,0.0,0.0,0.0,0.0,0.0,0.0,0.0,-1.472558e-07,-7.073638e-05,-8.058634e-05,-2.907526e-05,5.225846e-05,0.0001006219,0.000111547,7.06446e-05,-1.448392e-06,-7.088961e-05,-9.829962e-05,-0.0001227179,-7.527714e-05,1.041363e-05,-2.406234e-05,-4.666305e-05,-8.400379e-05,-6.628047e-05,-6.048254e-05,0.0,0.0,0.0,0.0,0.0,0.0,0.0,0.0,0.0,0.0,0.0,0.0,0.0,0.0,2.746444e-07,0.0001738371,0.0002844509,0.000320831,0.0004135716,0.0005076708,0.000556921,0.0005739804,0.0005096812,0.0005059061,0.0004941017,0.0005985676,0.0008263485,0.001201657,0.001587117,0.001992265,0.00187131,0.0004200166,0.0003027824
9437,2,"(3683540.0, 6069220.0]",0.0,0.0,0.0,0.0,0.0,0.0,0.0,0.0,0.0,0.0,0.0,0.0,0.0,0.0,4.031778e-07,0.0001212213,0.0001809876,0.0001790944,0.00018075,0.0001830779,0.0001875372,0.0001932672,0.0001978227,0.0001939113,0.0001821642,0.0001638143,0.0001415538,0.0001687425,0.0002465539,0.0002201703,0.0001540314,0.0001645189,0.0001502141,0.0,0.0,0.0,0.0,0.0,0.0,0.0,0.0,0.0,0.0,0.0,0.0,0.0,0.0,-9.136559e-08,-4.38446e-05,-4.850161e-05,-1.339359e-05,4.177503e-05,7.46335e-05,8.201536e-05,5.357551e-05,3.593636e-06,-4.589401e-05,-6.635773e-05,-8.471916e-05,-5.247736e-05,6.871687e-06,-1.64913e-05,-3.140682e-05,-5.984306e-05,-4.59853e-05,-4.203735e-05,0.0,0.0,0.0,0.0,0.0,0.0,0.0,0.0,0.0,0.0,0.0,0.0,0.0,0.0,1.782876e-07,0.0001128825,0.0001859525,0.0002109144,0.0002745873,0.0003385267,0.000370982,0.0003821683,0.0003368533,0.0003436453,0.0003400595,0.0004225552,0.0005960238,0.0008691036,0.001147166,0.001435044,0.001390138,0.0003050317,0.000209184
9437,2,"(6069220.0, 10000000.0]",0.0,0.0,0.0,0.0,0.0,0.0,0.0,0.0,0.0,0.0,0.0,0.0,0.0,0.0,4.309723e-07,0.0001295763,0.0001934279,0.000191404,0.0001931534,0.000195641,0.000200406,0.0002065499,0.0002113981,0.0002072189,0.0001946847,0.0001750736,0.0001512675,0.0001803029,0.0002634194,0.0002352301,0.0001645189,0.00017579,0.0001605056,0.0,0.0,0.0,0.0,0.0,0.0,0.0,0.0,0.0,0.0,0.0,0.0,0.0,0.0,-9.815549e-08,-4.710534e-05,-5.218729e-05,-1.46599e-05,4.435379e-05,7.949798e-05,8.74081e-05,5.701515e-05,3.608724e-06,-4.922988e-05,-7.10626e-05,-9.063599e-05,-5.612778e-05,7.320078e-06,-1.765569e-05,-3.363148e-05,-6.392228e-05,-4.91959e-05,-4.498102e-05,0.0,0.0,0.0,0.0,0.0,0.0,0.0,0.0,0.0,0.0,0.0,0.0,0.0,0.0,1.910778e-07,0.0001209791,0.0001992374,0.000225908,0.0002939864,0.0003623552,0.00039705,0.000409026,0.0003606354,0.0003675885,0.0003636304,0.0004514587,0.0006363477,0.0009278909,0.001224612,0.00153215,0.001482741,0.000325576,0.0002235858
9437,2,"(10000000.0, 20000000.0]",0.0,0.0,0.0,0.0,0.0,0.0,0.0,0.0,0.0,0.0,0.0,0.0,0.0,0.0,4.040555e-07,0.0001214712,0.0001810949,0.0001788471,0.0001798538,0.0001820205,0.0001864166,0.0001923266,0.0001970217,0.0001935027,0.0001819673,0.0001635999,0.0001408156,0.0001667479,0.0002426684,0.0002160283,0.0001502141,0.0001605056,0.0001486229,0.0,0.0,0.0,0.0,0.0,0.0,0.0,0.0,0.0,0.0,0.0,0.0,0.0,0.0,-1.161561e-07,-5.585687e-05,-6.559368e-05,-2.916645e-05,2.86557e-05,6.294434e-05,7.072665e-05,4.260139e-05,-7.177027e-06,-5.330859e-05,-7.025808e-05,-8.516514e-05,-5.153942e-05,7.700475e-06,-1.684098e-05,-3.346002e-05,-5.58092e-05,-4.567921e-05,-4.158041e-05,0.0,0.0,0.0,0.0,0.0,0.0,0.0,0.0,0.0,0.0,0.0,0.0,0.0,0.0,2.059906e-07,0.0001303362,0.0002116134,0.0002371271,0.0003019805,0.0003687268,0.0004050765,0.0004176779,0.0003743039,0.0003589173,0.0003445436,0.0004030622,0.0005392926,0.0007809653,0.001032492,0.001302887,0.00116689,0.0002712895,0.0002100813
9437,18,"(1e-05, 0.1]",-2.6651e-05,3.6305e-05,9.95489e-06,4.63142e-06,6.35729e-06,1.417869e-07,7.85415e-06,-3.260537e-05,-4.65885e-05,-1.25036e-05,-5.67073e-05,-1.626377e-05,-1.919969e-05,4.433144e-06,-1.914337e-05,-6.310538e-06,0.0,0.0,0.0,0.0,0.0,0.0,0.0,0.0,0.0,0.0,0.0,0.0,0.0,0.0,0.0,0.0,0.0,7.43968e-05,0.00013216,6.62283e-05,1.34617e-05,1.30162e-05,6.892722e-06,1.005449e-05,2.533859e-05,1.620307e-05,5.988163e-05,1.10725e-05,3.693067e-05,8.795897e-06,3.881586e-05,2.936051e-05,4.132211e-06,0.0,0.0,0.0,0.0,0.0,0.0,0.0,0.0,0.0,0.0,0.0,0.0,0.0,0.0,0.0,0.0,0.0,0.000116628,0.000112169,7.90285e-05,-2.7613e-05,-1.16321e-05,-2.603008e-05,-2.400168e-06,-4.228993e-05,-4.169335e-05,-3.548751e-05,-3.94881e-05,-3.459774e-05,-3.522989e-05,-1.171523e-05,-4.530129e-05,-1.936993e-05,0.0,0.0,0.0,0.0,0.0,0.0,0.0,0.0,0.0,0.0,0.0,0.0,0.0,0.0,0.0,0.0,0.0
9437,18,"(0.1, 0.54]",-6.2106e-05,5.63042e-05,1.58869e-06,-5.15813e-06,-1.34937e-05,2.178948e-06,-1.701181e-05,7.247558e-05,5.513533e-05,1.640856e-05,7.32687e-05,1.746147e-05,3.175883e-05,9.485735e-06,2.869011e-05,1.312425e-05,0.0,0.0,0.0,0.0,0.0,0.0,0.0,0.0,0.0,0.0,0.0,0.0,0.0,0.0,0.0,0.0,0.0,0.00013216,0.00027492,7.81224e-05,-5.19019e-05,-4.31963e-05,-6.41577e-05,-2.189885e-06,-4.318167e-05,-5.225978e-05,-2.421001e-05,-6.644e-05,-4.247697e-05,-4.825043e-05,-3.234565e-05,-3.163714e-05,-1.047649e-05,0.0,0.0,0.0,0.0,0.0,0.0,0.0,0.0,0.0,0.0,0.0,0.0,0.0,0.0,0.0,0.0,0.0,0.000177198,0.000165299,0.000124592,0.000112232,5.19515e-05,0.0001056663,9.137977e-06,0.0001114255,0.0001000523,7.68926e-05,9.22512e-05,7.635465e-05,6.493293e-05,2.574763e-05,6.8794e-05,3.432159e-05,0.0,0.0,0.0,0.0,0.0,0.0,0.0,0.0,0.0,0.0,0.0,0.0,0.0,0.0,0.0,0.0,0.0
9437,18,"(0.54, 4.0]",-6.06413e-05,2.18922e-06,-1.98739e-05,-2.18835e-05,1.64894e-05,2.000765e-05,9.047186e-06,-0.0001349074,-7.669584e-05,-9.004149e-06,-0.00016208,-3.572177e-05,-3.850846e-05,1.592594e-05,-4.769164e-05,-1.614873e-05,0.0,0.0,0.0,0.0,0.0,0.0,0.0,0.0,0.0,0.0,0.0,0.0,0.0,0.0,0.0,0.0,0.0,6.62283e-05,7.81224e-05,0.000148073,0.00026796,0.000253143,0.0002806369,4.67556e-05,0.0003024336,0.0002961317,0.0003545588,0.000311888,0.0003350349,0.0002395494,0.0003172071,0.0002782687,7.860103e-05,0.0,0.0,0.0,0.0,0.0,0.0,0.0,0.0,0.0,0.0,0.0,0.0,0.0,0.0,0.0,0.0,0.0,0.000154319,0.000146431,9.63247e-05,-0.000204207,-8.6277e-05,-0.0001921109,-1.808462e-05,-0.000250017,-0.0002505139,-0.0001859048,-0.000224662,-0.0001835984,-0.0001435334,-6.542121e-06,-0.0001351194,-6.04267e-05,0.0,0.0,0.0,0.0,0.0,0.0,0.0,0.0,0.0,0.0,0.0,0.0,0.0,0.0,0.0,0.0,0.0
9437,18,"(4.0, 8.31529]",-0.000224273,-0.000165778,-0.00018699,-0.000166903,-4.14865e-05,8.995467e-05,-0.0001001609,-3.87058e-05,0.0002513757,0.0001206806,2.11587e-05,4.262755e-05,0.00013472,7.05834e-05,8.220526e-05,3.801034e-05,0.0,0.0,0.0,0.0,0.0,0.0,0.0,0.0,0.0,0.0,0.0,0.0,0.0,0.0,0.0,0.0,0.0,1.34617e-05,-5.19019e-05,0.00026796,0.000867152,0.000846335,0.0009551391,0.0001010304,0.000975667,0.0009889153,0.000989758,0.00105867,0.001039173,0.0008613231,0.0009912528,0.0009069644,0.0002823702,0.0,0.0,0.0,0.0,0.0,0.0,0.0,0.0,0.0,0.0,0.0,0.0,0.0,0.0,0.0,0.0,0.0,0.000154646,0.000128263,9.37423e-05,-0.000247966,-8.82236e-05,-0.0002351673,-2.54719e-05,-0.00032006,-0.0003611547,-0.0002376211,-0.000286455,-0.0002286817,-4.192553e-05,0.0001974733,7.964449e-05,3.829118e-05,0.0,0.0,0.0,0.0,0.0,0.0,0.0,0.0,0.0,0.0,0.0,0.0,0.0,0.0,0.0,0.0,0.0
9437,18,"(8.31529, 13.6945]",-0.000333121,-0.000261094,-0.000303001,-0.000263314,-0.000136842,0.0001473123,-0.0002356391,0.000421097,0.0007704176,0.0003065248,0.000613119,0.0002170301,0.0003762591,0.0001251402,0.0002602651,0.0001100708,0.0,0.0,0.0,0.0,0.0,0.0,0.0,0.0,0.0,0.0,0.0,0.0,0.0,0.0,0.0,0.0,0.0,1.30162e-05,-4.31963e-05,0.000253143,0.000846335,0.000882446,0.0009423384,9.28461e-05,0.0009754449,0.0009884285,0.0009610564,0.00105396,0.001038057,0.0008873015,0.0009963824,0.0009215417,0.0002970985,0.0,0.0,0.0,0.0,0.0,0.0,0.0,0.0,0.0,0.0,0.0,0.0,0.0,0.0,0.0,0.0,0.0,0.000129216,9.90624e-05,0.00012689,0.00035966,0.000201266,0.0003378589,2.204254e-05,0.0002762734,0.0001583589,0.0002078623,0.000200285,0.0001978914,0.0003233811,0.0004115832,0.0004955961,0.0002225776,0.0,0.0,0.0,0.0,0.0,0.0,0.0,0.0,0.0,0.0,0.0,0.0,0.0,0.0,0.0,0.0,0.0
9437,18,"(13.6945, 22.5639]",-0.0002731846,-0.0002095986,-0.0002357461,-0.0002095487,-7.112086e-05,0.0001069786,-0.0001458313,8.101282e-05,0.0004161967,0.0001728078,0.0001530765,8.125704e-05,0.0001954744,9.18898e-05,0.0001389987,6.045655e-05,0.0,0.0,0.0,0.0,0.0,0.0,0.0,0.0,0.0,0.0,0.0,0.0,0.0,0.0,0.0,0.0,0.0,6.892722e-06,-6.41577e-05,0.0002806369,0.0009551391,0.0009423384,0.001062865,0.0001044194,0.001088822,0.001100215,0.001079917,0.001177751,0.001146056,0.0009764942,0.001105447,0.001016869,0.0003173139,0.0,0.0,0.0,0.0,0.0,0.0,0.0,0.0,0.0,0.0,0.0,0.0,0.0,0.0,0.0,0.0,0.0,0.0001533095,0.0001231175,0.0001007695,-0.0001543747,-4.12201e-05,-0.0001483997,-1.862474e-05,-0.0002099266,-0.0002604176,-0.0001639126,-0.0001858708,-0.0001653592,4.008242e-05,0.0002749815,0.0001904925,8.737531e-05,0.0,0.0,0.0,0.0,0.0,0.0,0.0,0.0,0.0,0.0,0.0,0.0,0.0,0.0,0.0,0.0,0.0
9437,18,"(22.5639, 40.0322]",-8.239521e-06,1.692538e-07,-6.031485e-07,-1.506621e-06,1.310785e-05,4.740089e-06,1.312362e-05,-8.476747e-05,-6.441979e-05,-1.40885e-05,-9.326102e-05,-2.184141e-05,-2.639614e-05,9.587831e-07,-3.031358e-05,-1.102813e-05,0.0,0.0,0.0,0.0,0.0,0.0,0.0,0.0,0.0,0.0,0.0,0.0,0.0,0.0,0.0,0.0,0.0,1.005449e-05,-2.189885e-06,4.67556e-05,0.0001010304,9.28461e-05,0.0001044194,1.850736e-05,0.0001084557,0.000108328,0.0001295253,0.0001156437,0.0001227002,8.314501e-05,0.0001119696,9.744947e-05,2.762822e-05,0.0,0.0,0.0,0.0,0.0,0.0,0.0,0.0,0.0,0.0,0.0,0.0,0.0,0.0,0.0,0.0,0.0,3.547233e-05,3.481948e-05,1.843729e-05,-0.0001132757,-4.961713e-05,-0.0001062606,-9.691372e-06,-0.00013462,-0.0001310694,-9.641377e-05,-0.0001187975,-9.251701e-05,-7.552546e-05,-1.831184e-05,-7.720955e-05,-3.447839e-05,0.0,0.0,0.0,0.0,0.0,0.0,0.0,0.0,0.0,0.0,0.0,0.0,0.0,0.0,0.0,0.0,0.0
9437,18,"(40.0322, 67.8149]",-0.0003261466,-0.0002444133,-0.0002819329,-0.0002497867,-0.0001079333,0.0001248826,-0.0001988607,0.000247907,0.0005791854,0.0002336797,0.0003108461,0.0001293214,0.000267943,0.0001196357,0.0001906627,8.134981e-05,0.0,0.0,0.0,0.0,0.0,0.0,0.0,0.0,0.0,0.0,0.0,0.0,0.0,0.0,0.0,0.0,0.0,2.533859e-05,-4.318167e-05,0.0003024336,0.000975667,0.0009754449,0.001088822,0.0001084557,0.001155964,0.001147155,0.001197425,0.001217759,0.001235362,0.001014443,0.001191581,0.001091519,0.0003340867,0.0,0.0,0.0,0.0,0.0,0.0,0.0,0.0,0.0,0.0,0.0,0.0,0.0,0.0,0.0,0.0,0.0,0.0001706992,0.0001359572,0.0001284809,3.587886e-05,4.913819e-05,2.946189e-05,-3.538074e-06,-1.16768e-05,-9.918331e-05,-3.536287e-05,-3.377011e-05,-5.071676e-05,0.0001426289,0.0003452145,0.0003017773,0.000134536,0.0,0.0,0.0,0.0,0.0,0.0,0.0,0.0,0.0,0.0,0.0,0.0,0.0,0.0,0.0,0.0,0.0
9437,18,"(67.8149, 92.0143]",-0.0003186788,-0.0002422394,-0.0002772029,-0.0002450481,-0.0001008255,0.0001258644,-0.0001893034,0.000199332,0.0005481988,0.0002274842,0.0002993456,0.0001281059,0.0002714845,0.0001124077,0.0001894725,8.197375e-05,0.0,0.0,0.0,0.0,0.0,0.0,0.0,0.0,0.0,0.0,0.0,0.0,0.0,0.0,0.0,0.0,0.0,1.620307e-05,-5.225978e-05,0.0002961317,0.0009889153,0.0009884285,0.001100215,0.000108328,0.001147155,0.001155211,0.001172388,0.001228894,0.001227628,0.001022761,0.001178063,0.001081785,0.0003377285,0.0,0.0,0.0,0.0,0.0,0.0,0.0,0.0,0.0,0.0,0.0,0.0,0.0,0.0,0.0,0.0,0.0,0.0001638848,0.0001297993,0.0001208295,4.167302e-06,3.504491e-05,6.600413e-07,-6.316655e-06,-6.041187e-05,-0.0001471818,-5.892668e-05,-7.648157e-05,-6.342204e-05,0.0001356942,0.0003398813,0.0003028511,0.0001379022,0.0,0.0,0.0,0.0,0.0,0.0,0.0,0.0,0.0,0.0,0.0,0.0,0.0,0.0,0.0,0.0,0.0
9437,18,"(92.0143, 148.83]",-0.0002703688,-0.0001807842,-0.0002102279,-0.0001883426,-4.475808e-05,0.0001090845,-0.0001069623,-0.0001017369,0.0001072557,0.0001120645,-0.0001577684,1.088879e-05,0.000123773,0.0001001601,5.013436e-05,3.066068e-05,0.0,0.0,0.0,0.0,0.0,0.0,0.0,0.0,0.0,0.0,0.0,0.0,0.0,0.0,0.0,0.0,0.0,5.988163e-05,-2.421001e-05,0.0003545588,0.000989758,0.0009610564,0.001079917,0.0001295253,0.001197425,0.001172388,0.001447574,0.001227672,0.001379841,0.000970709,0.001288522,0.001150274,0.000332241,0.0,0.0,0.0,0.0,0.0,0.0,0.0,0.0,0.0,0.0,0.0,0.0,0.0,0.0,0.0,0.0,0.0,0.0002201113,0.0001857348,0.0001385857,-0.0002628675,-9.254276e-05,-0.0002508505,-2.743156e-05,-0.0004113364,-0.0005230263,-0.0003468539,-0.0004277242,-0.0003287998,-0.0001214677,0.0001924434,-9.76857e-06,-1.588175e-06,0.0,0.0,0.0,0.0,0.0,0.0,0.0,0.0,0.0,0.0,0.0,0.0,0.0,0.0,0.0,0.0,0.0
9437,18,"(148.83, 303.339]",-0.000328772,-0.000252806,-0.000286652,-0.000254058,-9.98108e-05,0.0001270499,-0.0001906051,0.000163746,0.0005431449,0.0002255387,0.000289546,0.0001271893,0.0002798238,0.0001116328,0.0001970295,8.420147e-05,0.0,0.0,0.0,0.0,0.0,0.0,0.0,0.0,0.0,0.0,0.0,0.0,0.0,0.0,0.0,0.0,0.0,1.10725e-05,-6.644e-05,0.000311888,0.00105867,0.00105396,0.001177751,0.0001156437,0.001217759,0.001228894,0.001227672,0.00131501,0.001296822,0.001094126,0.001245649,0.001147165,0.0003605805,0.0,0.0,0.0,0.0,0.0,0.0,0.0,0.0,0.0,0.0,0.0,0.0,0.0,0.0,0.0,0.0,0.0,0.00017035,0.000135502,0.000121322,-5.83545e-05,7.90664e-06,-5.820563e-05,-1.176302e-05,-0.0001274421,-0.0002016625,-9.692203e-05,-0.000112405,-9.565907e-05,0.0001302042,0.0003489887,0.0003083039,0.000140442,0.0,0.0,0.0,0.0,0.0,0.0,0.0,0.0,0.0,0.0,0.0,0.0,0.0,0.0,0.0,0.0,0.0
9437,18,"(303.339, 455.653]",-0.0003361756,-0.0002463344,-0.0002847713,-0.0002509574,-9.861159e-05,0.0001401148,-0.0001872703,0.0001523501,0.0004583855,0.0002230543,0.0002205488,0.0001213613,0.0002706046,0.0001233672,0.0001651692,7.553491e-05,0.0,0.0,0.0,0.0,0.0,0.0,0.0,0.0,0.0,0.0,0.0,0.0,0.0,0.0,0.0,0.0,0.0,3.693067e-05,-4.247697e-05,0.0003350349,0.001039173,0.001038057,0.001146056,0.0001227002,0.001235362,0.001227628,0.001379841,0.001296822,0.001396288,0.001056458,0.001307583,0.001184892,0.0003567752,0.0,0.0,0.0,0.0,0.0,0.0,0.0,0.0,0.0,0.0,0.0,0.0,0.0,0.0,0.0,0.0,0.0,0.0001988454,0.0001607783,0.0001467251,1.581949e-05,4.195838e-05,1.217621e-05,-5.992057e-06,-0.0001119183,-0.0002421965,-0.0001100556,-0.0001599758,-0.000101497,8.850395e-05,0.0003253615,0.0002487404,0.0001135524,0.0,0.0,0.0,0.0,0.0,0.0,0.0,0.0,0.0,0.0,0.0,0.0,0.0,0.0,0.0,0.0,0.0
9437,18,"(455.653, 750.762]",-0.0003488192,-0.000270646,-0.0003134973,-0.0002773327,-0.0001496544,0.0001218214,-0.0002491324,0.000418931,0.0007678566,0.0002800501,0.0005624267,0.0001819017,0.0004033037,0.0001384493,0.0003023341,0.000121646,0.0,0.0,0.0,0.0,0.0,0.0,0.0,0.0,0.0,0.0,0.0,0.0,0.0,0.0,0.0,0.0,0.0,8.795897e-06,-4.825043e-05,0.0002395494,0.0008613231,0.0008873015,0.0009764942,8.314501e-05,0.001014443,0.001022761,0.000970709,0.001094126,0.001056458,0.001070981,0.001099228,0.001031155,0.0003379646,0.0,0.0,0.0,0.0,0.0,0.0,0.0,0.0,0.0,0.0,0.0,0.0,0.0,0.0,0.0,0.0,0.0,0.0001458003,0.0001151201,0.0001330924,0.0002683776,0.0001566133,0.000248273,1.531108e-05,0.0002478785,0.0001662282,0.0001737708,0.0002194997,0.0001556645,0.0003763384,0.0004883117,0.000550719,0.0002449428,0.0,0.0,0.0,0.0,0.0,0.0,0.0,0.0,0.0,0.0,0.0,0.0,0.0,0.0,0.0,0.0,0.0
9437,18,"(750.762, 1237.0]",-0.0003464729,-0.0002524608,-0.0002946172,-0.0002614289,-0.0001158991,0.0001299045,-0.0002079404,0.0002380827,0.0005472122,0.0002321265,0.0002787455,0.0001184496,0.0003057858,0.0001377078,0.0002035128,8.896035e-05,0.0,0.0,0.0,0.0,0.0,0.0,0.0,0.0,0.0,0.0,0.0,0.0,0.0,0.0,0.0,0.0,0.0,3.881586e-05,-3.234565e-05,0.0003172071,0.0009912528,0.0009963824,0.001105447,0.0001119696,0.001191581,0.001178063,0.001288522,0.001245649,0.001307583,0.001099228,0.001294454,0.001182451,0.0003608932,0.0,0.0,0.0,0.0,0.0,0.0,0.0,0.0,0.0,0.0,0.0,0.0,0.0,0.0,0.0,0.0,0.0,0.0001964355,0.0001608228,0.0001514517,7.078111e-05,6.668854e-05,6.210799e-05,-1.187466e-06,-1.068557e-05,-0.0001170763,-4.05122e-05,-4.838028e-05,-5.215463e-05,0.0001785474,0.0003880705,0.0003216918,0.0001460462,0.0,0.0,0.0,0.0,0.0,0.0,0.0,0.0,0.0,0.0,0.0,0.0,0.0,0.0,0.0,0.0,0.0
9437,18,"(1237.0, 2038.15]",-0.0003452019,-0.0002560585,-0.0002997049,-0.0002660035,-0.00013217,0.000121657,-0.0002260509,0.0003122115,0.0006226548,0.0002467371,0.00039302,0.0001462785,0.0003566284,0.0001279005,0.000269636,0.0001130701,-1.701495e-07,-1.631624e-07,-1.553817e-07,-1.548232e-07,-1.582939e-07,-1.65877e-07,-1.722866e-07,-1.738048e-07,-1.658023e-07,-1.491906e-07,-1.212859e-07,-1.286692e-07,-1.747966e-07,-1.472558e-07,-9.136559e-08,-9.815549e-08,-1.161561e-07,2.936051e-05,-3.163714e-05,0.0002782687,0.0009069644,0.0009215417,0.001016869,9.744947e-05,0.001091519,0.001081785,0.001150274,0.001147165,0.001184892,0.001031155,0.001182451,0.001097276,0.0003465261,2.973631e-07,2.462579e-07,1.58177e-07,1.073843e-07,9.421001e-08,1.165132e-07,1.603921e-07,1.632936e-07,1.367031e-07,1.096899e-07,5.670815e-08,-1.992032e-09,3.311908e-08,6.962379e-08,1.898935e-08,6.195418e-08,5.519943e-08,0.0001767447,0.0001438545,0.0001459626,0.0001683327,0.0001101893,0.0001541722,7.094379e-06,0.0001092727,8.591726e-06,5.641102e-05,7.072228e-05,5.117658e-05,0.0002877172,0.000415903,0.0004749429,0.0002169516,-5.245196e-07,-5.540124e-07,-6.251044e-07,-7.211901e-07,-8.008285e-07,-8.283794e-07,-8.066841e-07,-5.35714e-07,-3.982282e-07,-1.805084e-07,1.241128e-07,2.667009e-07,3.351355e-07,2.786286e-07,1.452603e-06,1.349257e-07,-2.079414e-07
9437,18,"(2038.15, 3420.87]",-0.0001339244,-0.0001037352,-0.0001222183,-0.0001078316,-6.525004e-05,4.3539e-05,-0.0001035496,0.0001789002,0.0003032718,0.0001129631,0.0002637659,8.522853e-05,0.0001912149,4.291577e-05,0.0001630666,1.150827e-05,-8.192657e-05,-7.854715e-05,-7.477439e-05,-7.449755e-05,-7.616625e-05,-7.98234e-05,-8.291554e-05,-8.366068e-05,-7.981565e-05,-7.182028e-05,-5.83652e-05,-6.186954e-05,-8.400367e-05,-7.073638e-05,-4.38446e-05,-4.710534e-05,-5.585687e-05,4.132211e-06,-1.047649e-05,7.860103e-05,0.0002823702,0.0002970985,0.0003173139,2.762822e-05,0.0003340867,0.0003377285,0.000332241,0.0003605805,0.0003567752,0.0003379646,0.0003608932,0.0003465261,0.0002283111,0.000143897,0.0001192394,7.672873e-05,5.221679e-05,4.585523e-05,5.658171e-05,7.770059e-05,7.898178e-05,6.605623e-05,5.293289e-05,2.735336e-05,-9.254403e-07,1.601264e-05,3.365006e-05,9.065458e-06,2.991456e-05,2.665261e-05,5.003676e-05,3.883618e-05,5.111905e-05,0.0001641698,8.761547e-05,0.0001539291,1.096284e-05,0.0001464606,0.0001043042,0.0001123976,0.0001242602,0.0001172055,0.0002086273,0.0001906727,0.0003244942,-1.316358e-05,-0.0002535154,-0.0002677307,-0.0003019857,-0.0003483472,-0.0003868191,-0.0004001286,-0.0003897318,-0.0002585372,-0.0001919891,-8.639334e-05,6.150158e-05,0.000131204,0.0001650053,0.0001383497,0.0007065556,6.606499e-05,-0.000100155
9437,18,"(3420.87, 5533.14]",0.0,0.0,0.0,0.0,0.0,0.0,0.0,0.0,0.0,0.0,0.0,0.0,0.0,0.0,-2.282054e-07,-6.847762e-05,-9.966586e-05,-9.505821e-05,-8.960544e-05,-8.900913e-05,-9.095903e-05,-9.560175e-05,-9.955811e-05,-0.0001009276,-9.651661e-05,-8.689278e-05,-6.990076e-05,-7.25038e-05,-9.69392e-05,-8.058634e-05,-4.850161e-05,-5.218729e-05,-6.559368e-05,0.0,0.0,0.0,0.0,0.0,0.0,0.0,0.0,0.0,0.0,0.0,0.0,0.0,0.0,2.973631e-07,0.000143897,0.0001985439,0.0001668929,0.000111904,8.027244e-05,7.193791e-05,8.457845e-05,0.0001099867,0.0001077504,8.802102e-05,6.823954e-05,3.486399e-05,-2.252776e-08,2.163652e-05,4.507382e-05,8.477641e-06,3.913382e-05,3.48529e-05,0.0,0.0,0.0,0.0,0.0,0.0,0.0,0.0,0.0,0.0,0.0,0.0,0.0,0.0,-3.544098e-07,-0.0002235981,-0.0003398599,-0.0003576311,-0.000400101,-0.0004596603,-0.0005105953,-0.0005282223,-0.000517192,-0.0003339093,-0.0002415216,-8.803646e-05,0.0001318516,0.000250922,0.0003198846,0.0003055436,0.001093062,0.0001163466,-0.0001228803
9437,18,"(5533.14, 9116.74]",0.0,0.0,0.0,0.0,0.0,0.0,0.0,0.0,0.0,0.0,0.0,0.0,0.0,0.0,-1.245496e-07,-3.732717e-05,-5.344496e-05,-4.97318e-05,-4.455745e-05,-4.358394e-05,-4.44443e-05,-4.746382e-05,-5.007293e-05,-5.202834e-05,-5.039171e-05,-4.543694e-05,-3.464967e-05,-3.172922e-05,-3.84355e-05,-2.907526e-05,-1.339359e-05,-1.46599e-05,-2.916645e-05,0.0,0.0,0.0,0.0,0.0,0.0,0.0,0.0,0.0,0.0,0.0,0.0,0.0,0.0,2.462579e-07,0.0001192394,0.0001668929,0.000145705,0.0001076517,8.596093e-05,7.99702e-05,8.572382e-05,9.861681e-05,8.731681e-05,6.609557e-05,4.524852e-05,2.174895e-05,2.059799e-06,1.659419e-05,3.441344e-05,-3.037577e-06,2.69173e-05,2.384303e-05,0.0,0.0,0.0,0.0,0.0,0.0,0.0,0.0,0.0,0.0,0.0,0.0,0.0,0.0,-2.788847e-07,-0.000175873,-0.0002645906,-0.000275493,-0.0003006294,-0.0003409054,-0.000379486,-0.0003928056,-0.0003915198,-0.0002295753,-0.0001492684,4.912877e-07,0.0002257691,0.0003815002,0.0004936611,0.0005346546,0.00121653,0.000159042,-6.860123e-05
9437,18,"(9116.74, 15021.3]",0.0,0.0,0.0,0.0,0.0,0.0,0.0,0.0,0.0,0.0,0.0,0.0,0.0,0.0,4.132992e-08,1.251947e-05,2.045662e-05,2.266711e-05,2.720714e-05,2.873759e-05,2.959528e-05,2.925292e-05,2.878443e-05,2.601538e-05,2.329081e-05,2.079236e-05,2.14598e-05,3.291278e-05,5.409801e-05,5.225846e-05,4.177503e-05,4.435379e-05,2.86557e-05,0.0,0.0,0.0,0.0,0.0,0.0,0.0,0.0,0.0,0.0,0.0,0.0,0.0,0.0,1.58177e-07,7.672873e-05,0.000111904,0.0001076517,9.737274e-05,9.195489e-05,8.984508e-05,8.464375e-05,7.759269e-05,5.256524e-05,2.973657e-05,7.988749e-06,6.503281e-07,5.315917e-06,8.24652e-06,1.669233e-05,-2.078163e-05,7.071571e-06,5.989016e-06,0.0,0.0,0.0,0.0,0.0,0.0,0.0,0.0,0.0,0.0,0.0,0.0,0.0,0.0,-1.51479e-07,-9.537784e-05,-0.0001381256,-0.0001378712,-0.0001351811,-0.0001440158,-0.0001619831,-0.0001681611,-0.0001819433,-5.904095e-05,-3.708922e-07,0.0001382309,0.0003639434,0.0005711632,0.0007468493,0.0008725525,0.001365556,0.0002199245,1.842449e-05
9437,18,"(15021.3, 25211.9]",0.0,0.0,0.0,0.0,0.0,0.0,0.0,0.0,0.0,0.0,0.0,0.0,0.0,0.0,1.394916e-07,4.201673e-05,6.418468e-05,6.551795e-05,6.969663e-05,7.158923e-05,7.345577e-05,7.468168e-05,7.549691e-05,7.219498e-05,6.687096e-05,5.997209e-05,5.470629e-05,7.126326e-05,0.00010905,0.0001006219,7.46335e-05,7.949798e-05,6.294434e-05,0.0,0.0,0.0,0.0,0.0,0.0,0.0,0.0,0.0,0.0,0.0,0.0,0.0,0.0,1.073843e-07,5.221679e-05,8.027244e-05,8.596093e-05,9.195489e-05,9.611375e-05,9.627482e-05,8.459499e-05,6.573634e-05,3.236494e-05,8.349972e-06,-1.418523e-05,-1.199653e-05,7.135753e-06,3.299207e-06,6.308556e-06,-3.155596e-05,-4.772354e-06,-4.693094e-06,0.0,0.0,0.0,0.0,0.0,0.0,0.0,0.0,0.0,0.0,0.0,0.0,0.0,0.0,-7.769967e-08,-4.876121e-05,-6.478962e-05,-5.799781e-05,-3.893396e-05,-2.937063e-05,-3.541009e-05,-3.744723e-05,-6.035439e-05,4.102474e-05,8.762016e-05,0.0002213693,0.0004498297,0.0006896531,0.0009048531,0.001081926,0.001469361,0.0002582796,6.988059e-05
9437,18,"(25211.9, 40779.5]",0.0,0.0,0.0,0.0,0.0,0.0,0.0,0.0,0.0,0.0,0.0,0.0,0.0,0.0,1.620998e-07,4.88103e-05,7.425323e-05,7.53443e-05,7.942154e-05,8.137403e-05,8.34645e-05,8.505055e-05,8.615024e-05,8.275028e-05,7.684116e-05,6.894689e-05,6.229673e-05,7.997263e-05,0.0001214957,0.000111547,8.201536e-05,8.74081e-05,7.072665e-05,0.0,0.0,0.0,0.0,0.0,0.0,0.0,0.0,0.0,0.0,0.0,0.0,0.0,0.0,9.421001e-08,4.585523e-05,7.193791e-05,7.99702e-05,8.984508e-05,9.627482e-05,9.70505e-05,8.388902e-05,6.234445e-05,2.709833e-05,2.855355e-06,-1.984022e-05,-1.528385e-05,7.324707e-06,1.980046e-06,3.701594e-06,-3.415221e-05,-7.89786e-06,-7.535887e-06,0.0,0.0,0.0,0.0,0.0,0.0,0.0,0.0,0.0,0.0,0.0,0.0,0.0,0.0,-5.971896e-08,-3.740094e-05,-4.694082e-05,-3.8702e-05,-1.594596e-05,-2.149433e-06,-5.44234e-06,-6.535456e-06,-3.162354e-05,6.479028e-05,0.0001085523,0.0002412158,0.0004701699,0.0007172068,0.0009415139,0.001130507,0.001493285,0.000267049,8.180455e-05
9437,18,"(40779.5, 67190.7]",0.0,0.0,0.0,0.0,0.0,0.0,0.0,0.0,0.0,0.0,0.0,0.0,0.0,0.0,8.55857e-08,2.580776e-05,3.995778e-05,4.148981e-05,4.537168e-05,4.691723e-05,4.817155e-05,4.86287e-05,4.885271e-05,4.612307e-05,4.2389e-05,3.797853e-05,3.563979e-05,4.839079e-05,7.556156e-05,7.06446e-05,5.357551e-05,5.701515e-05,4.260139e-05,0.0,0.0,0.0,0.0,0.0,0.0,0.0,0.0,0.0,0.0,0.0,0.0,0.0,0.0,1.165132e-07,5.658171e-05,8.457845e-05,8.572382e-05,8.464375e-05,8.459499e-05,8.388902e-05,7.611003e-05,6.398064e-05,3.748167e-05,1.644539e-05,-3.422074e-06,-5.249334e-06,6.130422e-06,5.436094e-06,1.031412e-05,-2.32633e-05,1.107613e-06,6.81118e-07,0.0,0.0,0.0,0.0,0.0,0.0,0.0,0.0,0.0,0.0,0.0,0.0,0.0,0.0,-9.881671e-08,-6.213875e-05,-8.708853e-05,-8.363398e-05,-7.318969e-05,-7.203233e-05,-8.223878e-05,-8.571815e-05,-0.0001025432,-3.336225e-06,4.313849e-05,0.000164571,0.0003675259,0.0005685977,0.0007448868,0.0008824412,0.001270842,0.0002155225,4.204934e-05
9437,18,"(67190.7, 110707.0]",0.0,0.0,0.0,0.0,0.0,0.0,0.0,0.0,0.0,0.0,0.0,0.0,0.0,0.0,-5.079704e-08,-1.519047e-05,-2.111684e-05,-1.874867e-05,-1.509278e-05,-1.423354e-05,-1.445585e-05,-1.601489e-05,-1.741993e-05,-1.902122e-05,-1.890861e-05,-1.713492e-05,-1.171198e-05,-7.478593e-06,-5.553932e-06,-1.448392e-06,3.593636e-06,3.608724e-06,-7.177027e-06,0.0,0.0,0.0,0.0,0.0,0.0,0.0,0.0,0.0,0.0,0.0,0.0,0.0,0.0,1.603921e-07,7.770059e-05,0.0001099867,9.861681e-05,7.759269e-05,6.573634e-05,6.234445e-05,6.398064e-05,6.865112e-05,5.71544e-05,4.126443e-05,2.58857e-05,1.248371e-05,3.885914e-06,1.163895e-05,2.23965e-05,-4.601951e-06,1.700421e-05,1.514232e-05,0.0,0.0,0.0,0.0,0.0,0.0,0.0,0.0,0.0,0.0,0.0,0.0,0.0,0.0,-1.73066e-07,-0.0001091061,-0.0001629018,-0.0001681259,-0.0001797041,-0.0002015129,-0.0002246101,-0.0002325932,-0.0002350605,-0.0001270448,-7.405974e-05,3.133041e-05,0.0001942064,0.0003188482,0.0004143011,0.0004633014,0.0009121039,0.0001293892,-2.887834e-05
9437,18,"(110707.0, 182408.0]",0.0,0.0,0.0,0.0,0.0,0.0,0.0,0.0,0.0,0.0,0.0,0.0,0.0,0.0,-1.696042e-07,-5.092369e-05,-7.469744e-05,-7.210721e-05,-6.956573e-05,-6.958536e-05,-7.116626e-05,-7.425254e-05,-7.683005e-05,-7.687672e-05,-7.308699e-05,-6.595047e-05,-5.444727e-05,-5.949592e-05,-8.253844e-05,-7.088961e-05,-4.589401e-05,-4.922988e-05,-5.330859e-05,0.0,0.0,0.0,0.0,0.0,0.0,0.0,0.0,0.0,0.0,0.0,0.0,0.0,0.0,1.632936e-07,7.898178e-05,0.0001077504,8.731681e-05,5.256524e-05,3.236494e-05,2.709833e-05,3.748167e-05,5.71544e-05,6.396444e-05,5.792296e-05,5.178004e-05,3.006805e-05,3.521303e-06,1.682214e-05,3.020792e-05,1.803002e-05,3.193058e-05,2.902896e-05,0.0,0.0,0.0,0.0,0.0,0.0,0.0,0.0,0.0,0.0,0.0,0.0,0.0,0.0,-1.97718e-07,-0.0001248032,-0.0001919371,-0.0002039305,-0.0002329745,-0.000270701,-0.0002991614,-0.0003088968,-0.0002957362,-0.0002138315,-0.0001714859,-0.0001168127,-4.580094e-05,-3.627488e-05,-5.233772e-05,-0.0001081422,0.0002556707,2.236154e-06,-9.008326e-05
9437,18,"(182408.0, 303339.0]",0.0,0.0,0.0,0.0,0.0,0.0,0.0,0.0,0.0,0.0,0.0,0.0,0.0,0.0,-2.077887e-07,-6.242289e-05,-9.221682e-05,-8.995553e-05,-8.846981e-05,-8.896001e-05,-9.103802e-05,-9.443519e-05,-9.722336e-05,-9.630866e-05,-9.112064e-05,-8.22636e-05,-6.933222e-05,-7.882605e-05,-0.000112176,-9.829962e-05,-6.635773e-05,-7.10626e-05,-7.025808e-05,0.0,0.0,0.0,0.0,0.0,0.0,0.0,0.0,0.0,0.0,0.0,0.0,0.0,0.0,1.367031e-07,6.605623e-05,8.802102e-05,6.609557e-05,2.973657e-05,8.349972e-06,2.855355e-06,1.644539e-05,4.126443e-05,5.792296e-05,5.92009e-05,6.012303e-05,3.727133e-05,4.662304e-06,1.838872e-05,3.068997e-05,3.017164e-05,3.730418e-05,3.423795e-05,0.0,0.0,0.0,0.0,0.0,0.0,0.0,0.0,0.0,0.0,0.0,0.0,0.0,0.0,-1.747966e-07,-0.0001104187,-0.0001728241,-0.0001863681,-0.0002197735,-0.0002594717,-0.0002852028,-0.0002938658,-0.0002734698,-0.0002253575,-0.0001988123,-0.000188124,-0.00018979,-0.0002538774,-0.0003367004,-0.0004468704,-0.0002138482,-7.79256e-05,-0.0001092275
9437,18,"(303339.0, 499799.0]",0.0,0.0,0.0,0.0,0.0,0.0,0.0,0.0,0.0,0.0,0.0,0.0,0.0,0.0,-2.406085e-07,-7.230934e-05,-0.0001073323,-0.0001053824,-0.0001049277,-0.0001058547,-0.0001083727,-0.000111997,-0.0001149477,-0.0001131337,-0.0001067042,-9.638286e-05,-8.232319e-05,-9.585851e-05,-0.0001384264,-0.0001227179,-8.471916e-05,-9.063599e-05,-8.516514e-05,0.0,0.0,0.0,0.0,0.0,0.0,0.0,0.0,0.0,0.0,0.0,0.0,0.0,0.0,1.096899e-07,5.293289e-05,6.823954e-05,4.524852e-05,7.988749e-06,-1.418523e-05,-1.984022e-05,-3.422074e-06,2.58857e-05,5.178004e-05,6.012303e-05,6.795908e-05,4.432477e-05,6.370933e-06,2.015813e-05,3.117072e-05,4.196059e-05,4.261081e-05,3.941506e-05,0.0,0.0,0.0,0.0,0.0,0.0,0.0,0.0,0.0,0.0,0.0,0.0,0.0,0.0,-1.498986e-07,-9.477866e-05,-0.0001515009,-0.0001662565,-0.0002031018,-0.0002438818,-0.000266418,-0.0002738492,-0.0002467285,-0.0002326097,-0.0002221003,-0.0002548116,-0.0003273292,-0.000461931,-0.0006083134,-0.0007695703,-0.0006693464,-0.0001545587,-0.000125575
9437,18,"(499799.0, 823498.0]",0.0,0.0,0.0,0.0,0.0,0.0,0.0,0.0,0.0,0.0,0.0,0.0,0.0,0.0,-1.437572e-07,-4.320638e-05,-6.419897e-05,-6.316114e-05,-6.311971e-05,-6.373901e-05,-6.526024e-05,-6.73403e-05,-6.903659e-05,-6.774484e-05,-6.385667e-05,-5.783663e-05,-4.969398e-05,-5.829295e-05,-8.453897e-05,-7.527714e-05,-5.247736e-05,-5.612778e-05,-5.153942e-05,0.0,0.0,0.0,0.0,0.0,0.0,0.0,0.0,0.0,0.0,0.0,0.0,0.0,0.0,5.670815e-08,2.735336e-05,3.486399e-05,2.174895e-05,6.503281e-07,-1.199653e-05,-1.528385e-05,-5.249334e-06,1.248371e-05,3.006805e-05,3.727133e-05,4.432477e-05,3.095452e-05,7.956063e-06,1.531163e-05,2.09115e-05,3.08875e-05,2.939675e-05,2.74076e-05,0.0,0.0,0.0,0.0,0.0,0.0,0.0,0.0,0.0,0.0,0.0,0.0,0.0,0.0,-7.632277e-08,-4.828978e-05,-7.833653e-05,-8.673158e-05,-0.0001077272,-0.0001305048,-0.0001416106,-0.0001452146,-0.0001275874,-0.0001326064,-0.0001330021,-0.0001679511,-0.0002344744,-0.0003345054,-0.0004392045,-0.0005473742,-0.0005416753,-0.0001130796,-7.440427e-05
9437,18,"(823498.0, 1356840.0]",0.0,0.0,0.0,0.0,0.0,0.0,0.0,0.0,0.0,0.0,0.0,0.0,0.0,0.0,1.995913e-08,6.004491e-06,9.03101e-06,8.979728e-06,9.120263e-06,9.273498e-06,9.507712e-06,9.845849e-06,1.010086e-05,1.005913e-05,9.386924e-06,8.098401e-06,6.817765e-06,8.144565e-06,1.189706e-05,1.041363e-05,6.871687e-06,7.320078e-06,7.700475e-06,0.0,0.0,0.0,0.0,0.0,0.0,0.0,0.0,0.0,0.0,0.0,0.0,0.0,0.0,-1.992032e-09,-9.254403e-07,-2.252776e-08,2.059799e-06,5.315917e-06,7.135753e-06,7.324707e-06,6.130422e-06,3.885914e-06,3.521303e-06,4.662304e-06,6.370933e-06,7.956063e-06,9.842652e-06,7.399602e-06,5.818389e-06,7.880575e-06,8.13881e-06,7.958981e-06,0.0,0.0,0.0,0.0,0.0,0.0,0.0,0.0,0.0,0.0,0.0,0.0,0.0,0.0,1.606448e-08,1.014385e-05,1.573232e-05,1.760428e-05,2.24994e-05,2.720337e-05,3.127943e-05,3.28231e-05,3.266094e-05,1.867616e-05,1.116819e-05,-2.413989e-06,-1.884519e-05,-2.593124e-05,-3.175978e-05,-3.174426e-05,-9.176954e-05,-7.15784e-06,1.120505e-05
9437,18,"(1356840.0, 2235620.0]",0.0,0.0,0.0,0.0,0.0,0.0,0.0,0.0,0.0,0.0,0.0,0.0,0.0,0.0,-4.99101e-08,-1.499276e-05,-2.212982e-05,-2.158484e-05,-2.123512e-05,-2.134583e-05,-2.18493e-05,-2.263472e-05,-2.328713e-05,-2.299894e-05,-2.180118e-05,-1.98759e-05,-1.691809e-05,-1.926542e-05,-2.734339e-05,-2.406234e-05,-1.64913e-05,-1.765569e-05,-1.684098e-05,0.0,0.0,0.0,0.0,0.0,0.0,0.0,0.0,0.0,0.0,0.0,0.0,0.0,0.0,3.311908e-08,1.601264e-05,2.163652e-05,1.659419e-05,8.24652e-06,3.299207e-06,1.980046e-06,5.436094e-06,1.163895e-05,1.682214e-05,1.838872e-05,2.015813e-05,1.531163e-05,7.399602e-06,1.014076e-05,1.258234e-05,1.425488e-05,1.494828e-05,1.398226e-05,0.0,0.0,0.0,0.0,0.0,0.0,0.0,0.0,0.0,0.0,0.0,0.0,0.0,0.0,-3.7535e-08,-2.371952e-05,-3.743778e-05,-4.040052e-05,-4.765332e-05,-5.645042e-05,-6.1476e-05,-6.317325e-05,-5.741356e-05,-5.259862e-05,-4.979805e-05,-5.578135e-05,-6.859248e-05,-9.454475e-05,-0.0001241813,-0.0001575912,-0.0001282532,-2.910507e-05,-2.533009e-05
9437,18,"(2235620.0, 3683540.0]",0.0,0.0,0.0,0.0,0.0,0.0,0.0,0.0,0.0,0.0,0.0,0.0,0.0,0.0,-9.979815e-08,-2.997903e-05,-4.425243e-05,-4.311636e-05,-4.231813e-05,-4.252943e-05,-4.352279e-05,-4.517901e-05,-4.65476e-05,-4.618021e-05,-4.374543e-05,-3.957374e-05,-3.337425e-05,-3.775652e-05,-5.339363e-05,-4.666305e-05,-3.140682e-05,-3.363148e-05,-3.346002e-05,0.0,0.0,0.0,0.0,0.0,0.0,0.0,0.0,0.0,0.0,0.0,0.0,0.0,0.0,6.962379e-08,3.365006e-05,4.507382e-05,3.441344e-05,1.669233e-05,6.308556e-06,3.701594e-06,1.031412e-05,2.23965e-05,3.020792e-05,3.068997e-05,3.117072e-05,2.09115e-05,5.818389e-06,1.258234e-05,1.857356e-05,1.768803e-05,2.064245e-05,1.901773e-05,0.0,0.0,0.0,0.0,0.0,0.0,0.0,0.0,0.0,0.0,0.0,0.0,0.0,0.0,-8.724233e-08,-5.510406e-05,-8.600516e-05,-9.256009e-05,-0.0001086915,-0.0001281421,-0.0001410709,-0.0001455253,-0.000136067,-0.0001099257,-9.590718e-05,-8.802216e-05,-8.466672e-05,-0.0001122782,-0.0001493702,-0.0002004191,-7.503741e-05,-3.256734e-05,-5.170811e-05
9437,18,"(3683540.0, 6069220.0]",0.0,0.0,0.0,0.0,0.0,0.0,0.0,0.0,0.0,0.0,0.0,0.0,0.0,0.0,-1.469171e-07,-4.417876e-05,-6.607419e-05,-6.55834e-05,-6.657821e-05,-6.752735e-05,-6.918297e-05,-7.109414e-05,-7.261275e-05,-7.074425e-05,-6.639777e-05,-6.008829e-05,-5.248458e-05,-6.334202e-05,-9.327041e-05,-8.400379e-05,-5.984306e-05,-6.392228e-05,-5.58092e-05,0.0,0.0,0.0,0.0,0.0,0.0,0.0,0.0,0.0,0.0,0.0,0.0,0.0,0.0,1.898935e-08,9.065458e-06,8.477641e-06,-3.037577e-06,-2.078163e-05,-3.155596e-05,-3.415221e-05,-2.32633e-05,-4.601951e-06,1.803002e-05,3.017164e-05,4.196059e-05,3.08875e-05,7.880575e-06,1.425488e-05,1.768803e-05,3.639612e-05,2.940667e-05,2.759708e-05,0.0,0.0,0.0,0.0,0.0,0.0,0.0,0.0,0.0,0.0,0.0,0.0,0.0,0.0,-3.812286e-08,-2.422793e-05,-4.31486e-05,-5.122196e-05,-7.192217e-05,-9.17121e-05,-9.818804e-05,-0.0001002181,-8.005172e-05,-0.0001134341,-0.0001274866,-0.0001934174,-0.0003098032,-0.0004539081,-0.0005954047,-0.0007282094,-0.0008378866,-0.000159276,-7.509331e-05
9437,18,"(6069220.0, 10000000.0]",0.0,0.0,0.0,0.0,0.0,0.0,0.0,0.0,0.0,0.0,0.0,0.0,0.0,0.0,-1.297149e-07,-3.898006e-05,-5.780779e-05,-5.67308e-05,-5.641781e-05,-5.690983e-05,-5.8264e-05,-6.019397e-05,-6.177029e-05,-6.07058e-05,-5.727445e-05,-5.190774e-05,-4.438943e-05,-5.16403e-05,-7.461871e-05,-6.628047e-05,-4.59853e-05,-4.91959e-05,-4.567921e-05,0.0,0.0,0.0,0.0,0.0,0.0,0.0,0.0,0.0,0.0,0.0,0.0,0.0,0.0,6.195418e-08,2.991456e-05,3.913382e-05,2.69173e-05,7.071571e-06,-4.772354e-06,-7.89786e-06,1.107613e-06,1.700421e-05,3.193058e-05,3.730418e-05,4.261081e-05,2.939675e-05,8.13881e-06,1.494828e-05,2.064245e-05,2.940667e-05,3.45456e-05,3.225351e-05,0.0,0.0,0.0,0.0,0.0,0.0,0.0,0.0,0.0,0.0,0.0,0.0,0.0,0.0,-7.78457e-08,-4.923138e-05,-7.907745e-05,-8.67197e-05,-0.000105727,-0.000127008,-0.000137898,-0.000141381,-0.0001254736,-0.0001255054,-0.0001236149,-0.0001506811,-0.0002029543,-0.0002865478,-0.0003764901,-0.0004717255,-0.0004484917,-9.5402e-05,-6.751251e-05
9437,18,"(10000000.0, 20000000.0]",0.0,0.0,0.0,0.0,0.0,0.0,0.0,0.0,0.0,0.0,0.0,0.0,0.0,0.0,-1.178665e-07,-3.541946e-05,-5.252565e-05,-5.155633e-05,-5.130751e-05,-5.175102e-05,-5.298178e-05,-5.472977e-05,-5.614721e-05,-5.515283e-05,-5.203107e-05,-4.71813e-05,-4.037485e-05,-4.704598e-05,-6.803163e-05,-6.048254e-05,-4.203735e-05,-4.498102e-05,-4.158041e-05,0.0,0.0,0.0,0.0,0.0,0.0,0.0,0.0,0.0,0.0,0.0,0.0,0.0,0.0,5.519943e-08,2.665261e-05,3.48529e-05,2.384303e-05,5.989016e-06,-4.693094e-06,-7.535887e-06,6.81118e-07,1.514232e-05,2.902896e-05,3.423795e-05,3.941506e-05,2.74076e-05,7.958981e-06,1.398226e-05,1.901773e-05,2.759708e-05,3.225351e-05,3.015564e-05,0.0,0.0,0.0,0.0,0.0,0.0,0.0,0.0,0.0,0.0,0.0,0.0,0.0,0.0,-6.877766e-08,-4.350167e-05,-7.005774e-05,-7.692787e-05,-9.400947e-05,-0.0001130826,-0.000122584,-0.000125575,-0.0001108404,-0.0001131754,-0.0001125914,-0.0001398262,-0.000191213,-0.0002704605,-0.0003550935,-0.0004436795,-0.0004320447,-9.026224e-05,-6.12999e-05
9437,102,"(1e-05, 0.1]",-7.13652e-05,0.000103166,3.48382e-05,1.63032e-05,3.60472e-05,-1.122456e-05,4.374861e-05,-0.0002262031,-0.0002281794,-7.662912e-05,-0.000296302,-7.829278e-05,-6.510365e-05,-1.228169e-05,-4.943447e-05,-2.020456e-05,0.0,0.0,0.0,0.0,0.0,0.0,0.0,0.0,0.0,0.0,0.0,0.0,0.0,0.0,0.0,0.0,0.0,0.000116628,0.000177198,0.000154319,0.000154646,0.000129216,0.0001533095,3.547233e-05,0.0001706992,0.0001638848,0.0002201113,0.00017035,0.0001988454,0.0001458003,0.0001964355,0.0001767447,5.003676e-05,0.0,0.0,0.0,0.0,0.0,0.0,0.0,0.0,0.0,0.0,0.0,0.0,0.0,0.0,0.0,0.0,0.0,0.000617124,0.000615797,0.000455861,-0.000304154,-0.00013842,-0.000287319,-2.506186e-05,-0.0003300528,-0.0003113387,-0.0002576582,-0.000280333,-0.0002260285,-0.0001462049,-5.665359e-05,-0.0001387671,-6.076383e-05,0.0,0.0,0.0,0.0,0.0,0.0,0.0,0.0,0.0,0.0,0.0,0.0,0.0,0.0,0.0,0.0,0.0
9437,102,"(0.1, 0.54]",-4.71511e-05,0.00012078,5.70731e-05,3.51026e-05,5.11674e-05,-2.257684e-05,6.596824e-05,-0.0002898254,-0.0003098771,-0.0001074819,-0.000378875,-0.0001037985,-0.0001006907,-2.255212e-05,-7.54114e-05,-3.10861e-05,0.0,0.0,0.0,0.0,0.0,0.0,0.0,0.0,0.0,0.0,0.0,0.0,0.0,0.0,0.0,0.0,0.0,0.000112169,0.000165299,0.000146431,0.000128263,9.90624e-05,0.0001231175,3.481948e-05,0.0001359572,0.0001297993,0.0001857348,0.000135502,0.0001607783,0.0001151201,0.0001608228,0.0001438545,3.883618e-05,0.0,0.0,0.0,0.0,0.0,0.0,0.0,0.0,0.0,0.0,0.0,0.0,0.0,0.0,0.0,0.0,0.0,0.000615797,0.000623041,0.000453892,-0.000382754,-0.000175465,-0.0003608161,-3.099271e-05,-0.0004035202,-0.0003718333,-0.0003123867,-0.000337296,-0.0002764805,-0.0001909109,-9.121038e-05,-0.0001967341,-8.640607e-05,0.0,0.0,0.0,0.0,0.0,0.0,0.0,0.0,0.0,0.0,0.0,0.0,0.0,0.0,0.0,0.0,0.0
9437,102,"(0.54, 4.0]",-0.000159637,-1.67591e-05,-8.77189e-05,-8.23745e-05,-6.75191e-05,4.638917e-05,-0.0001015295,0.0002899661,0.0003442222,0.0001257257,0.000361438,0.0001123329,0.0001853822,4.442914e-05,0.0001367391,5.4524e-05,0.0,0.0,0.0,0.0,0.0,0.0,0.0,0.0,0.0,0.0,0.0,0.0,0.0,0.0,0.0,0.0,0.0,7.90285e-05,0.000124592,9.63247e-05,9.37423e-05,0.00012689,0.0001007695,1.843729e-05,0.0001284809,0.0001208295,0.0001385857,0.000121322,0.0001467251,0.0001330924,0.0001514517,0.0001459626,5.111905e-05,0.0,0.0,0.0,0.0,0.0,0.0,0.0,0.0,0.0,0.0,0.0,0.0,0.0,0.0,0.0,0.0,0.0,0.000455861,0.000453892,0.000391439,0.000366723,0.000178942,0.0003453881,2.793261e-05,0.0003454524,0.0002825632,0.000246475,0.000272864,0.0002489903,0.0002458651,0.0001659231,0.0003010951,0.0001329441,0.0,0.0,0.0,0.0,0.0,0.0,0.0,0.0,0.0,0.0,0.0,0.0,0.0,0.0,0.0,0.0,0.0
9437,102,"(4.0, 8.31529]",-0.00129966,-0.00113831,-0.00138464,-0.0011473,-0.00114951,0.0006766171,-0.00162852,0.005568159,0.00625668,0.002238287,0.00708124,0.002079031,0.002824588,0.0006566641,0.002091538,0.0008442744,0.0,0.0,0.0,0.0,0.0,0.0,0.0,0.0,0.0,0.0,0.0,0.0,0.0,0.0,0.0,0.0,0.0,-2.7613e-05,0.000112232,-0.000204207,-0.000247966,0.00035966,-0.0001543747,-0.0001132757,3.587886e-05,4.167302e-06,-0.0002628675,-5.83545e-05,1.581949e-05,0.0002683776,7.078111e-05,0.0001683327,0.0001641698,0.0,0.0,0.0,0.0,0.0,0.0,0.0,0.0,0.0,0.0,0.0,0.0,0.0,0.0,0.0,0.0,0.0,-0.000304154,-0.000382754,0.000366723,0.0072493,0.00343643,0.006833812,0.0005691542,0.007191597,0.00623965,0.005339822,0.00583113,0.005069017,0.004270386,0.002516343,0.004889508,0.002158904,0.0,0.0,0.0,0.0,0.0,0.0,0.0,0.0,0.0,0.0,0.0,0.0,0.0,0.0,0.0,0.0,0.0
9437,102,"(8.31529, 13.6945]",-0.00062491,-0.000546022,-0.000663841,-0.000550617,-0.000546989,0.0003249343,-0.0007765967,0.002642001,0.002979635,0.001067378,0.003365,0.0009894818,0.001347375,0.000314268,0.000996337,0.0004023564,0.0,0.0,0.0,0.0,0.0,0.0,0.0,0.0,0.0,0.0,0.0,0.0,0.0,0.0,0.0,0.0,0.0,-1.16321e-05,5.19515e-05,-8.6277e-05,-8.82236e-05,0.000201266,-4.12201e-05,-4.961713e-05,4.913819e-05,3.504491e-05,-9.254276e-05,7.90664e-06,4.195838e-05,0.0001566133,6.668854e-05,0.0001101893,8.761547e-05,0.0,0.0,0.0,0.0,0.0,0.0,0.0,0.0,0.0,0.0,0.0,0.0,0.0,0.0,0.0,0.0,0.0,-0.00013842,-0.000175465,0.000178942,0.00343643,0.0016303,0.00323948,0.0002695495,0.003404558,0.002951033,0.002528673,0.00275951,0.002400921,0.002027888,0.00120238,0.002325604,0.001027071,0.0,0.0,0.0,0.0,0.0,0.0,0.0,0.0,0.0,0.0,0.0,0.0,0.0,0.0,0.0,0.0,0.0
9437,102,"(13.6945, 22.5639]",-0.001223693,-0.001072165,-0.001303877,-0.001080175,-0.001082394,0.0006380921,-0.001533392,0.005242746,0.005891696,0.002109379,0.006674676,0.001960184,0.002663813,0.0006180412,0.0019703,0.0007954497,0.0,0.0,0.0,0.0,0.0,0.0,0.0,0.0,0.0,0.0,0.0,0.0,0.0,0.0,0.0,0.0,0.0,-2.603008e-05,0.0001056663,-0.0001921109,-0.0002351673,0.0003378589,-0.0001483997,-0.0001062606,2.946189e-05,6.600413e-07,-0.0002508505,-5.820563e-05,1.217621e-05,0.000248273,6.210799e-05,0.0001541722,0.0001539291,0.0,0.0,0.0,0.0,0.0,0.0,0.0,0.0,0.0,0.0,0.0,0.0,0.0,0.0,0.0,0.0,0.0,-0.000287319,-0.0003608161,0.0003453881,0.006833812,0.00323948,0.006442146,0.0005365341,0.006775296,0.005876544,0.00503275,0.005491199,0.004778974,0.004024718,0.002369519,0.004608176,0.002034612,0.0,0.0,0.0,0.0,0.0,0.0,0.0,0.0,0.0,0.0,0.0,0.0,0.0,0.0,0.0,0.0,0.0
9437,102,"(22.5639, 40.0322]",-0.0001004614,-8.821522e-05,-0.0001073972,-8.896126e-05,-9.006443e-05,5.202076e-05,-0.000127334,0.0004381525,0.0004903511,0.0001747906,0.0005560817,0.0001627657,0.0002205893,5.09684e-05,0.0001636404,6.59499e-05,0.0,0.0,0.0,0.0,0.0,0.0,0.0,0.0,0.0,0.0,0.0,0.0,0.0,0.0,0.0,0.0,0.0,-2.400168e-06,9.137977e-06,-1.808462e-05,-2.54719e-05,2.204254e-05,-1.862474e-05,-9.691372e-06,-3.538074e-06,-6.316655e-06,-2.743156e-05,-1.176302e-05,-5.992057e-06,1.531108e-05,-1.187466e-06,7.094379e-06,1.096284e-05,0.0,0.0,0.0,0.0,0.0,0.0,0.0,0.0,0.0,0.0,0.0,0.0,0.0,0.0,0.0,0.0,0.0,-2.506186e-05,-3.099271e-05,2.793261e-05,0.0005691542,0.0002695495,0.0005365341,4.476226e-05,0.0005672523,0.0004929948,0.0004208094,0.0004604193,0.0003990641,0.0003354344,0.0001959746,0.0003830064,0.0001690426,0.0,0.0,0.0,0.0,0.0,0.0,0.0,0.0,0.0,0.0,0.0,0.0,0.0,0.0,0.0,0.0,0.0
9437,102,"(40.0322, 67.8149]",-0.001297726,-0.001141802,-0.001387626,-0.00115612,-0.001172069,0.0006312527,-0.001660754,0.005742384,0.006445363,0.002244644,0.007199025,0.00208165,0.002815326,0.0006520692,0.002126791,0.000851054,0.0,0.0,0.0,0.0,0.0,0.0,0.0,0.0,0.0,0.0,0.0,0.0,0.0,0.0,0.0,0.0,0.0,-4.228993e-05,0.0001114255,-0.000250017,-0.00032006,0.0002762734,-0.0002099266,-0.00013462,-1.16768e-05,-6.041187e-05,-0.0004113364,-0.0001274421,-0.0001119183,0.0002478785,-1.068557e-05,0.0001092727,0.0001464606,0.0,0.0,0.0,0.0,0.0,0.0,0.0,0.0,0.0,0.0,0.0,0.0,0.0,0.0,0.0,0.0,0.0,-0.0003300528,-0.0004035202,0.0003454524,0.007191597,0.003404558,0.006775296,0.0005672523,0.007347338,0.006450981,0.005426135,0.006027155,0.005102253,0.004329109,0.002532183,0.004942303,0.002178581,0.0,0.0,0.0,0.0,0.0,0.0,0.0,0.0,0.0,0.0,0.0,0.0,0.0,0.0,0.0,0.0,0.0
9437,102,"(67.8149, 92.0143]",-0.001117359,-0.0009882399,-0.001200958,-0.001003447,-0.00103022,0.0005202984,-0.001454103,0.005049513,0.00570507,0.001954009,0.006362913,0.00181763,0.002455021,0.000558215,0.001879981,0.0007462183,0.0,0.0,0.0,0.0,0.0,0.0,0.0,0.0,0.0,0.0,0.0,0.0,0.0,0.0,0.0,0.0,0.0,-4.169335e-05,0.0001000523,-0.0002505139,-0.0003611547,0.0001583589,-0.0002604176,-0.0001310694,-9.918331e-05,-0.0001471818,-0.0005230263,-0.0002016625,-0.0002421965,0.0001662282,-0.0001170763,8.591726e-06,0.0001043042,0.0,0.0,0.0,0.0,0.0,0.0,0.0,0.0,0.0,0.0,0.0,0.0,0.0,0.0,0.0,0.0,0.0,-0.0003113387,-0.0003718333,0.0002825632,0.00623965,0.002951033,0.005876544,0.0004929948,0.006450981,0.005776487,0.004799227,0.005394121,0.004486447,0.003833366,0.002212623,0.004354915,0.001916003,0.0,0.0,0.0,0.0,0.0,0.0,0.0,0.0,0.0,0.0,0.0,0.0,0.0,0.0,0.0,0.0,0.0
9437,102,"(92.0143, 148.83]",-0.0009630828,-0.00085233,-0.001034016,-0.0008614448,-0.0008724672,0.0004653367,-0.001234489,0.004222005,0.004794935,0.001677239,0.00543466,0.001567277,0.002139151,0.0004742947,0.001604449,0.0006403964,0.0,0.0,0.0,0.0,0.0,0.0,0.0,0.0,0.0,0.0,0.0,0.0,0.0,0.0,0.0,0.0,0.0,-3.548751e-05,7.68926e-05,-0.0001859048,-0.0002376211,0.0002078623,-0.0001639126,-9.641377e-05,-3.536287e-05,-5.892668e-05,-0.0003468539,-9.692203e-05,-0.0001100556,0.0001737708,-4.05122e-05,5.641102e-05,0.0001123976,0.0,0.0,0.0,0.0,0.0,0.0,0.0,0.0,0.0,0.0,0.0,0.0,0.0,0.0,0.0,0.0,0.0,-0.0002576582,-0.0003123867,0.000246475,0.005339822,0.002528673,0.00503275,0.0004208094,0.005426135,0.004799227,0.0040689,0.004508045,0.003831799,0.003272666,0.001888986,0.003730516,0.001645451,0.0,0.0,0.0,0.0,0.0,0.0,0.0,0.0,0.0,0.0,0.0,0.0,0.0,0.0,0.0,0.0,0.0
9437,102,"(148.83, 303.339]",-0.00107174,-0.000944431,-0.0011475,-0.000961496,-0.000978524,0.0004839436,-0.001381423,0.00472168,0.005362811,0.001839094,0.00604722,0.00172855,0.002360642,0.0005232973,0.001809823,0.0007166469,0.0,0.0,0.0,0.0,0.0,0.0,0.0,0.0,0.0,0.0,0.0,0.0,0.0,0.0,0.0,0.0,0.0,-3.94881e-05,9.22512e-05,-0.000224662,-0.000286455,0.000200285,-0.0001858708,-0.0001187975,-3.377011e-05,-7.648157e-05,-0.0004277242,-0.000112405,-0.0001599758,0.0002194997,-4.838028e-05,7.072228e-05,0.0001242602,0.0,0.0,0.0,0.0,0.0,0.0,0.0,0.0,0.0,0.0,0.0,0.0,0.0,0.0,0.0,0.0,0.0,-0.000280333,-0.000337296,0.000272864,0.00583113,0.00275951,0.005491199,0.0004604193,0.006027155,0.005394121,0.004508045,0.00510109,0.004238929,0.003663892,0.002108573,0.00417404,0.00183886,0.0,0.0,0.0,0.0,0.0,0.0,0.0,0.0,0.0,0.0,0.0,0.0,0.0,0.0,0.0,0.0,0.0
9437,102,"(303.339, 455.653]",-0.0009189421,-0.0008089485,-0.0009841257,-0.0008204883,-0.0008296763,0.0004393177,-0.001170763,0.003937587,0.004479142,0.001573772,0.005152362,0.001506281,0.002117136,0.0004336779,0.001581676,0.0006294821,0.0,0.0,0.0,0.0,0.0,0.0,0.0,0.0,0.0,0.0,0.0,0.0,0.0,0.0,0.0,0.0,0.0,-3.459774e-05,7.635465e-05,-0.0001835984,-0.0002286817,0.0001978914,-0.0001653592,-9.251701e-05,-5.071676e-05,-6.342204e-05,-0.0003287998,-9.565907e-05,-0.000101497,0.0001556645,-5.215463e-05,5.117658e-05,0.0001172055,0.0,0.0,0.0,0.0,0.0,0.0,0.0,0.0,0.0,0.0,0.0,0.0,0.0,0.0,0.0,0.0,0.0,-0.0002260285,-0.0002764805,0.0002489903,0.005069017,0.002400921,0.004778974,0.0003990641,0.005102253,0.004486447,0.003831799,0.004238929,0.003681148,0.003218618,0.001811034,0.003670351,0.001622896,0.0,0.0,0.0,0.0,0.0,0.0,0.0,0.0,0.0,0.0,0.0,0.0,0.0,0.0,0.0,0.0,0.0
9437,102,"(455.653, 750.762]",-0.0008744333,-0.0007551159,-0.0009192384,-0.000777669,-0.000761551,0.0003516783,-0.001072516,0.003368234,0.003930587,0.001354314,0.004486446,0.001314452,0.002114644,0.0003492753,0.001611922,0.0006306589,0.0,0.0,0.0,0.0,0.0,0.0,0.0,0.0,0.0,0.0,0.0,0.0,0.0,0.0,0.0,0.0,0.0,-3.522989e-05,6.493293e-05,-0.0001435334,-4.192553e-05,0.0003233811,4.008242e-05,-7.552546e-05,0.0001426289,0.0001356942,-0.0001214677,0.0001302042,8.850395e-05,0.0003763384,0.0001785474,0.0002877172,0.0002086273,0.0,0.0,0.0,0.0,0.0,0.0,0.0,0.0,0.0,0.0,0.0,0.0,0.0,0.0,0.0,0.0,0.0,-0.0001462049,-0.0001909109,0.0002458651,0.004270386,0.002027888,0.004024718,0.0003354344,0.004329109,0.003833366,0.003272666,0.003663892,0.003218618,0.003187582,0.001723817,0.003645205,0.001620415,0.0,0.0,0.0,0.0,0.0,0.0,0.0,0.0,0.0,0.0,0.0,0.0,0.0,0.0,0.0,0.0,0.0
9437,102,"(750.762, 1237.0]",-0.000573381,-0.0004891514,-0.0005902149,-0.0004995804,-0.0004581843,0.0002470547,-0.0006575489,0.002038929,0.002415949,0.0008451494,0.002635299,0.0007705679,0.001177381,0.0002649759,0.0009129885,0.0003673339,0.0,0.0,0.0,0.0,0.0,0.0,0.0,0.0,0.0,0.0,0.0,0.0,0.0,0.0,0.0,0.0,0.0,-1.171523e-05,2.574763e-05,-6.542121e-06,0.0001974733,0.0004115832,0.0002749815,-1.831184e-05,0.0003452145,0.0003398813,0.0001924434,0.0003489887,0.0003253615,0.0004883117,0.0003880705,0.000415903,0.0001906727,0.0,0.0,0.0,0.0,0.0,0.0,0.0,0.0,0.0,0.0,0.0,0.0,0.0,0.0,0.0,0.0,0.0,-5.665359e-05,-9.121038e-05,0.0001659231,0.002516343,0.00120238,0.002369519,0.0001959746,0.002532183,0.002212623,0.001888986,0.002108573,0.001811034,0.001723817,0.00109089,0.002043881,0.0009155983,0.0,0.0,0.0,0.0,0.0,0.0,0.0,0.0,0.0,0.0,0.0,0.0,0.0,0.0,0.0,0.0,0.0
9437,102,"(1237.0, 2038.15]",-0.001057478,-0.0009079528,-0.001103396,-0.0009371134,-0.0009001116,0.0004067254,-0.001268286,0.003867628,0.004547912,0.001565511,0.005154773,0.001501815,0.002416436,0.0003821754,0.002068748,0.0008144906,2.818119e-07,2.730846e-07,2.652098e-07,2.659134e-07,2.720185e-07,2.834699e-07,2.930722e-07,2.931267e-07,2.781759e-07,2.497358e-07,2.071214e-07,2.289541e-07,3.191873e-07,2.746444e-07,1.782876e-07,1.910778e-07,2.059906e-07,-4.530129e-05,6.8794e-05,-0.0001351194,7.964449e-05,0.0004955961,0.0001904925,-7.720955e-05,0.0003017773,0.0003028511,-9.76857e-06,0.0003083039,0.0002487404,0.000550719,0.0003216918,0.0004749429,0.0003244942,-3.544098e-07,-2.788847e-07,-1.51479e-07,-7.769967e-08,-5.971896e-08,-9.881671e-08,-1.73066e-07,-1.97718e-07,-1.747966e-07,-1.498986e-07,-7.632277e-08,1.606448e-08,-3.7535e-08,-8.724233e-08,-3.812286e-08,-7.78457e-08,-6.877766e-08,-0.0001387671,-0.0001967341,0.0003010951,0.004889508,0.002325604,0.004608176,0.0003830064,0.004942303,0.004354915,0.003730516,0.00417404,0.003670351,0.003645205,0.002043881,0.004640795,0.002093438,6.936686e-07,7.405547e-07,8.553375e-07,9.982479e-07,1.108647e-06,1.147042e-06,1.104342e-06,7.759734e-07,6.060748e-07,3.70017e-07,6.848201e-08,8.091786e-09,3.523595e-08,2.166071e-07,-1.238667e-06,-4.228174e-08,3.380786e-07
9437,102,"(2038.15, 3420.87]",-0.0004718504,-0.0004037287,-0.0004913242,-0.0004179995,-0.0004008167,0.0001774809,-0.0005637724,0.001701096,0.002003019,0.0006891758,0.002275178,0.0006616178,0.001072583,0.0001723118,0.0009341202,0.0005041226,0.0001782322,0.0001727252,0.0001677664,0.0001682153,0.0001720785,0.0001793177,0.0001853833,0.0001854066,0.0001759433,0.0001579582,0.0001310209,0.0001448717,0.0002020014,0.0001738371,0.0001128825,0.0001209791,0.0001303362,-1.936993e-05,3.432159e-05,-6.04267e-05,3.829118e-05,0.0002225776,8.737531e-05,-3.447839e-05,0.000134536,0.0001379022,-1.588175e-06,0.000140442,0.0001135524,0.0002449428,0.0001460462,0.0002169516,-1.316358e-05,-0.0002235981,-0.000175873,-9.537784e-05,-4.876121e-05,-3.740094e-05,-6.213875e-05,-0.0001091061,-0.0001248032,-0.0001104187,-9.477866e-05,-4.828978e-05,1.014385e-05,-2.371952e-05,-5.510406e-05,-2.422793e-05,-4.923138e-05,-4.350167e-05,-6.076383e-05,-8.640607e-05,0.0001329441,0.002158904,0.001027071,0.002034612,0.0001690426,0.002178581,0.001916003,0.001645451,0.00183886,0.001622896,0.001620415,0.0009155983,0.002093438,0.001258038,0.0004379088,0.0004675411,0.000540106,0.0006303997,0.0007000983,0.0007243436,0.0006972797,0.0004902908,0.0003831774,0.0002346278,4.509159e-05,7.888588e-06,2.588397e-05,0.0001411439,-0.0007764233,-2.567982e-05,0.0002137975
9437,102,"(3420.87, 5533.14]",0.0,0.0,0.0,0.0,0.0,0.0,0.0,0.0,0.0,0.0,0.0,0.0,0.0,0.0,6.477066e-07,0.0001945381,0.0002865763,0.0002781694,0.0002709709,0.0002718331,0.0002781175,0.0002896401,0.0002991308,0.0002987674,0.0002832762,0.0002544258,0.000211622,0.0002354231,0.000329489,0.0002844509,0.0001859525,0.0001992374,0.0002116134,0.0,0.0,0.0,0.0,0.0,0.0,0.0,0.0,0.0,0.0,0.0,0.0,0.0,0.0,-5.245196e-07,-0.0002535154,-0.0003398599,-0.0002645906,-0.0001381256,-6.478962e-05,-4.694082e-05,-8.708853e-05,-0.0001629018,-0.0001919371,-0.0001728241,-0.0001515009,-7.833653e-05,1.573232e-05,-3.743778e-05,-8.600516e-05,-4.31486e-05,-7.907745e-05,-7.005774e-05,0.0,0.0,0.0,0.0,0.0,0.0,0.0,0.0,0.0,0.0,0.0,0.0,0.0,0.0,6.936686e-07,0.0004379088,0.000675353,0.0007222513,0.0008378692,0.0009798183,0.00108747,0.001125112,0.001079498,0.0007713329,0.0006112555,0.0003991045,0.0001362535,0.0001119237,0.000170514,0.0003755933,-0.0009986651,-3.279461e-06,0.0003430187
9437,102,"(5533.14, 9116.74]",0.0,0.0,0.0,0.0,0.0,0.0,0.0,0.0,0.0,0.0,0.0,0.0,0.0,0.0,7.189731e-07,0.0002159589,0.0003184337,0.000309476,0.0003022196,0.0003034087,0.000310479,0.0003230907,0.0003334403,0.0003326537,0.0003151889,0.0002831015,0.000236087,0.0002639523,0.0003706464,0.000320831,0.0002109144,0.000225908,0.0002371271,0.0,0.0,0.0,0.0,0.0,0.0,0.0,0.0,0.0,0.0,0.0,0.0,0.0,0.0,-5.540124e-07,-0.0002677307,-0.0003576311,-0.000275493,-0.0001378712,-5.799781e-05,-3.8702e-05,-8.363398e-05,-0.0001681259,-0.0002039305,-0.0001863681,-0.0001662565,-8.673158e-05,1.760428e-05,-4.040052e-05,-9.256009e-05,-5.122196e-05,-8.67197e-05,-7.692787e-05,0.0,0.0,0.0,0.0,0.0,0.0,0.0,0.0,0.0,0.0,0.0,0.0,0.0,0.0,7.405547e-07,0.0004675411,0.0007222513,0.000774105,0.0009014675,0.00105635,0.00117206,0.001212498,0.001160056,0.0008400488,0.0006730327,0.000461186,0.0002073378,0.0002127822,0.0003046811,0.0005498172,-0.0008853044,3.04766e-05,0.0003802012
9437,102,"(9116.74, 15021.3]",0.0,0.0,0.0,0.0,0.0,0.0,0.0,0.0,0.0,0.0,0.0,0.0,0.0,0.0,8.993283e-07,0.0002701698,0.0003990786,0.0003888497,0.0003815613,0.0003835683,0.0003925335,0.0004079693,0.0004205616,0.0004185109,0.0003960509,0.0003557177,0.0002981671,0.000336555,0.0004755305,0.0004135716,0.0002745873,0.0002939864,0.0003019805,0.0,0.0,0.0,0.0,0.0,0.0,0.0,0.0,0.0,0.0,0.0,0.0,0.0,0.0,-6.251044e-07,-0.0003019857,-0.000400101,-0.0003006294,-0.0001351811,-3.893396e-05,-1.594596e-05,-7.318969e-05,-0.0001797041,-0.0002329745,-0.0002197735,-0.0002031018,-0.0001077272,2.24994e-05,-4.765332e-05,-0.0001086915,-7.192217e-05,-0.000105727,-9.400947e-05,0.0,0.0,0.0,0.0,0.0,0.0,0.0,0.0,0.0,0.0,0.0,0.0,0.0,0.0,8.553375e-07,0.000540106,0.0008378692,0.0009014675,0.001059287,0.001246258,0.001381842,0.001429239,0.001359381,0.001012229,0.0008287315,0.0006206319,0.0003928589,0.00047691,0.0006566584,0.001005914,-0.0005734174,0.0001199884,0.0004743095
9437,102,"(15021.3, 25211.9]",0.0,0.0,0.0,0.0,0.0,0.0,0.0,0.0,0.0,0.0,0.0,0.0,0.0,0.0,1.089643e-06,0.000327362,0.0004839242,0.00047202,0.0004641586,0.0004668663,0.0004778476,0.0004962844,0.0005113281,0.000508343,0.0004808096,0.000431807,0.0003627419,0.0004111547,0.0005824745,0.0005076708,0.0003385267,0.0003623552,0.0003687268,0.0,0.0,0.0,0.0,0.0,0.0,0.0,0.0,0.0,0.0,0.0,0.0,0.0,0.0,-7.211901e-07,-0.0003483472,-0.0004596603,-0.0003409054,-0.0001440158,-2.937063e-05,-2.149433e-06,-7.203233e-05,-0.0002015129,-0.000270701,-0.0002594717,-0.0002438818,-0.0001305048,2.720337e-05,-5.645042e-05,-0.0001281421,-9.17121e-05,-0.000127008,-0.0001130826,0.0,0.0,0.0,0.0,0.0,0.0,0.0,0.0,0.0,0.0,0.0,0.0,0.0,0.0,9.982479e-07,0.0006303997,0.0009798183,0.00105635,0.001246258,0.001469677,0.001628684,0.001684383,0.001597486,0.001205637,0.0009972431,0.0007760745,0.0005493571,0.0006936786,0.0009459705,0.00139252,-0.0004034261,0.0001899322,0.0005738959
9437,102,"(25211.9, 40779.5]",0.0,0.0,0.0,0.0,0.0,0.0,0.0,0.0,0.0,0.0,0.0,0.0,0.0,0.0,1.198622e-06,0.000360099,0.0005322504,0.000519113,0.0005102652,0.0005132178,0.000525287,0.0005455823,0.0005622757,0.0005591075,0.0005289055,0.0004749428,0.0003987674,0.0004516589,0.0006393717,0.000556921,0.000370982,0.00039705,0.0004050765,0.0,0.0,0.0,0.0,0.0,0.0,0.0,0.0,0.0,0.0,0.0,0.0,0.0,0.0,-8.008285e-07,-0.0003868191,-0.0005105953,-0.000379486,-0.0001619831,-3.541009e-05,-5.44234e-06,-8.223878e-05,-0.0002246101,-0.0002991614,-0.0002852028,-0.000266418,-0.0001416106,3.127943e-05,-6.1476e-05,-0.0001410709,-9.818804e-05,-0.000137898,-0.000122584,0.0,0.0,0.0,0.0,0.0,0.0,0.0,0.0,0.0,0.0,0.0,0.0,0.0,0.0,1.108647e-06,0.0007000983,0.00108747,0.00117206,0.001381842,0.001628684,0.00180587,0.001867812,0.001773151,0.001331217,0.001096711,0.0008411223,0.0005733058,0.0007163387,0.0009805844,0.001462209,-0.0005582731,0.000191882,0.0006313621
9437,102,"(40779.5, 67190.7]",0.0,0.0,0.0,0.0,0.0,0.0,0.0,0.0,0.0,0.0,0.0,0.0,0.0,0.0,1.236435e-06,0.0003714598,0.0005490565,0.0005354246,0.0005262671,0.0005293006,0.0005416823,0.0005626912,0.0005799185,0.0005767378,0.0005455916,0.0004898663,0.0004112699,0.0004656398,0.0006590125,0.0005739804,0.0003821683,0.000409026,0.0004176779,0.0,0.0,0.0,0.0,0.0,0.0,0.0,0.0,0.0,0.0,0.0,0.0,0.0,0.0,-8.283794e-07,-0.0004001286,-0.0005282223,-0.0003928056,-0.0001681611,-3.744723e-05,-6.535456e-06,-8.571815e-05,-0.0002325932,-0.0003088968,-0.0002938658,-0.0002738492,-0.0001452146,3.28231e-05,-6.317325e-05,-0.0001455253,-0.0001002181,-0.000141381,-0.000125575,0.0,0.0,0.0,0.0,0.0,0.0,0.0,0.0,0.0,0.0,0.0,0.0,0.0,0.0,1.147042e-06,0.0007243436,0.001125112,0.001212498,0.001429239,0.001684383,0.001867812,0.001932263,0.001835065,0.001374907,0.001130832,0.0008622288,0.000578837,0.0007206523,0.000987678,0.001480803,-0.000621635,0.000191125,0.0006512535
9437,102,"(67190.7, 110707.0]",0.0,0.0,0.0,0.0,0.0,0.0,0.0,0.0,0.0,0.0,0.0,0.0,0.0,0.0,1.120924e-06,0.0003367233,0.0004970681,0.000483956,0.0004741578,0.0004765473,0.0004876709,0.0005070397,0.0005230631,0.0005211215,0.0004933084,0.000442775,0.0003704959,0.000416814,0.0005873252,0.0005096812,0.0003368533,0.0003606354,0.0003743039,0.0,0.0,0.0,0.0,0.0,0.0,0.0,0.0,0.0,0.0,0.0,0.0,0.0,0.0,-8.066841e-07,-0.0003897318,-0.000517192,-0.0003915198,-0.0001819433,-6.035439e-05,-3.162354e-05,-0.0001025432,-0.0002350605,-0.0002957362,-0.0002734698,-0.0002467285,-0.0001275874,3.266094e-05,-5.741356e-05,-0.000136067,-8.005172e-05,-0.0001254736,-0.0001108404,0.0,0.0,0.0,0.0,0.0,0.0,0.0,0.0,0.0,0.0,0.0,0.0,0.0,0.0,1.104342e-06,0.0006972797,0.001079498,0.001160056,0.001359381,0.001597486,0.001773151,0.001835065,0.001752806,0.001279651,0.001031571,0.0007273111,0.0003764684,0.0004252716,0.0005999386,0.001001105,-0.001131549,8.727424e-05,0.0005911438
9437,102,"(110707.0, 182408.0]",0.0,0.0,0.0,0.0,0.0,0.0,0.0,0.0,0.0,0.0,0.0,0.0,0.0,0.0,1.027524e-06,0.0003087717,0.0004578135,0.0004486253,0.0004449523,0.0004485693,0.0004592076,0.000475653,0.0004889354,0.0004836274,0.0004564449,0.0004103353,0.0003480291,0.0004013737,0.0005750901,0.0005059061,0.0003436453,0.0003675885,0.0003589173,0.0,0.0,0.0,0.0,0.0,0.0,0.0,0.0,0.0,0.0,0.0,0.0,0.0,0.0,-5.35714e-07,-0.0002585372,-0.0003339093,-0.0002295753,-5.904095e-05,4.102474e-05,6.479028e-05,-3.336225e-06,-0.0001270448,-0.0002138315,-0.0002253575,-0.0002326097,-0.0001326064,1.867616e-05,-5.259862e-05,-0.0001099257,-0.0001134341,-0.0001255054,-0.0001131754,0.0,0.0,0.0,0.0,0.0,0.0,0.0,0.0,0.0,0.0,0.0,0.0,0.0,0.0,7.759734e-07,0.0004902908,0.0007713329,0.0008400488,0.001012229,0.001205637,0.001331217,0.001374907,0.001279651,0.001050659,0.0009222113,0.0008669317,0.0008905162,0.001228032,0.001637946,0.002174739,0.001054022,0.0003964461,0.0005388468
9437,102,"(182408.0, 303339.0]",0.0,0.0,0.0,0.0,0.0,0.0,0.0,0.0,0.0,0.0,0.0,0.0,0.0,0.0,9.633853e-07,0.0002895526,0.0004303539,0.0004232413,0.0004224485,0.0004265914,0.0004368096,0.0004515113,0.000463318,0.0004564815,0.0004300907,0.0003870184,0.0003306165,0.0003862295,0.000557976,0.0004941017,0.0003400595,0.0003636304,0.0003445436,0.0,0.0,0.0,0.0,0.0,0.0,0.0,0.0,0.0,0.0,0.0,0.0,0.0,0.0,-3.982282e-07,-0.0001919891,-0.0002415216,-0.0001492684,-3.708922e-07,8.762016e-05,0.0001085523,4.313849e-05,-7.405974e-05,-0.0001714859,-0.0001988123,-0.0002221003,-0.0001330021,1.116819e-05,-4.979805e-05,-9.590718e-05,-0.0001274866,-0.0001236149,-0.0001125914,0.0,0.0,0.0,0.0,0.0,0.0,0.0,0.0,0.0,0.0,0.0,0.0,0.0,0.0,6.060748e-07,0.0003831774,0.0006112555,0.0006730327,0.0008287315,0.0009972431,0.001096711,0.001130832,0.001031571,0.0009222113,0.0008531086,0.000916801,0.001117049,0.001584687,0.002098369,0.002688942,0.002068537,0.000535166,0.0005036403
9437,102,"(303339.0, 499799.0]",0.0,0.0,0.0,0.0,0.0,0.0,0.0,0.0,0.0,0.0,0.0,0.0,0.0,0.0,1.070354e-06,0.0003218357,0.000480854,0.0004766265,0.0004825269,0.0004890767,0.0005009942,0.0005154947,0.0005269956,0.0005148286,0.000483295,0.0004356833,0.0003781705,0.0004539716,0.0006670952,0.0005985676,0.0004225552,0.0004514587,0.0004030622,0.0,0.0,0.0,0.0,0.0,0.0,0.0,0.0,0.0,0.0,0.0,0.0,0.0,0.0,-1.805084e-07,-8.639334e-05,-8.803646e-05,4.912877e-07,0.0001382309,0.0002213693,0.0002412158,0.000164571,3.133041e-05,-0.0001168127,-0.000188124,-0.0002548116,-0.0001679511,-2.413989e-06,-5.578135e-05,-8.802216e-05,-0.0001934174,-0.0001506811,-0.0001398262,0.0,0.0,0.0,0.0,0.0,0.0,0.0,0.0,0.0,0.0,0.0,0.0,0.0,0.0,3.70017e-07,0.0002346278,0.0003991045,0.000461186,0.0006206319,0.0007760745,0.0008411223,0.0008622288,0.0007273111,0.0008669317,0.000916801,0.001273704,0.001937509,0.002831724,0.003722289,0.004594295,0.004970982,0.000999195,0.0005553225
9437,102,"(499799.0, 823498.0]",0.0,0.0,0.0,0.0,0.0,0.0,0.0,0.0,0.0,0.0,0.0,0.0,0.0,0.0,1.359089e-06,0.000408838,0.0006143542,0.0006140207,0.000630636,0.0006415669,0.0006574716,0.0006735947,0.0006858854,0.0006643611,0.0006214002,0.0005610775,0.0004948007,0.0006098949,0.0009103337,0.0008263485,0.0005960238,0.0006363477,0.0005392926,0.0,0.0,0.0,0.0,0.0,0.0,0.0,0.0,0.0,0.0,0.0,0.0,0.0,0.0,1.241128e-07,6.150158e-05,0.0001318516,0.0002257691,0.0003639434,0.0004498297,0.0004701699,0.0003675259,0.0001942064,-4.580094e-05,-0.00018979,-0.0003273292,-0.0002344744,-1.884519e-05,-6.859248e-05,-8.466672e-05,-0.0003098032,-0.0002029543,-0.000191213,0.0,0.0,0.0,0.0,0.0,0.0,0.0,0.0,0.0,0.0,0.0,0.0,0.0,0.0,6.848201e-08,4.509159e-05,0.0001362535,0.0002073378,0.0003928589,0.0005493571,0.0005733058,0.000578837,0.0003764684,0.0008905162,0.001117049,0.001937509,0.003351002,0.004970483,0.006514418,0.007897705,0.009751516,0.001790121,0.0006993183
9437,102,"(823498.0, 1356840.0]",0.0,0.0,0.0,0.0,0.0,0.0,0.0,0.0,0.0,0.0,0.0,0.0,0.0,0.0,1.950358e-06,0.0005867491,0.0008825906,0.0008833925,0.0009096105,0.0009260434,0.0009490161,0.0009716781,0.0009888026,0.0009567933,0.0008942407,0.0008073227,0.000713946,0.0008835098,0.001321742,0.001201657,0.0008691036,0.0009278909,0.0007809653,0.0,0.0,0.0,0.0,0.0,0.0,0.0,0.0,0.0,0.0,0.0,0.0,0.0,0.0,2.667009e-07,0.000131204,0.000250922,0.0003815002,0.0005711632,0.0006896531,0.0007172068,0.0005685977,0.0003188482,-3.627488e-05,-0.0002538774,-0.000461931,-0.0003345054,-2.593124e-05,-9.454475e-05,-0.0001122782,-0.0004539081,-0.0002865478,-0.0002704605,0.0,0.0,0.0,0.0,0.0,0.0,0.0,0.0,0.0,0.0,0.0,0.0,0.0,0.0,8.091786e-09,7.888588e-06,0.0001119237,0.0002127822,0.00047691,0.0006936786,0.0007163387,0.0007206523,0.0004252716,0.001228032,0.001584687,0.002831724,0.004970483,0.007393034,0.00968654,0.01172407,0.01464858,0.002669531,0.001001617
9437,102,"(1356840.0, 2235620.0]",0.0,0.0,0.0,0.0,0.0,0.0,0.0,0.0,0.0,0.0,0.0,0.0,0.0,0.0,2.581248e-06,0.0007765623,0.001168395,0.001169118,0.001203343,0.001224841,0.001255386,0.001285462,0.001308385,0.00126641,0.001183692,0.001068448,0.000944467,0.001167978,0.001746222,0.001587117,0.001147166,0.001224612,0.001032492,0.0,0.0,0.0,0.0,0.0,0.0,0.0,0.0,0.0,0.0,0.0,0.0,0.0,0.0,3.351355e-07,0.0001650053,0.0003198846,0.0004936611,0.0007468493,0.0009048531,0.0009415139,0.0007448868,0.0004143011,-5.233772e-05,-0.0003367004,-0.0006083134,-0.0004392045,-3.175978e-05,-0.0001241813,-0.0001493702,-0.0005954047,-0.0003764901,-0.0003550935,0.0,0.0,0.0,0.0,0.0,0.0,0.0,0.0,0.0,0.0,0.0,0.0,0.0,0.0,3.523595e-08,2.588397e-05,0.000170514,0.0003046811,0.0006566584,0.0009459705,0.0009805844,0.000987678,0.0005999386,0.001637946,0.002098369,0.003722289,0.006514418,0.00968654,0.01269657,0.01537494,0.01914622,0.003496945,0.001326329
9437,102,"(2235620.0, 3683540.0]",0.0,0.0,0.0,0.0,0.0,0.0,0.0,0.0,0.0,0.0,0.0,0.0,0.0,0.0,3.28647e-06,0.0009886345,0.001485731,0.001484449,0.001524215,0.001550632,0.00158905,0.001628512,0.001658695,0.001607865,0.001503696,0.00135686,0.001196008,0.001472824,0.002196101,0.001992265,0.001435044,0.00153215,0.001302887,0.0,0.0,0.0,0.0,0.0,0.0,0.0,0.0,0.0,0.0,0.0,0.0,0.0,0.0,2.786286e-07,0.0001383497,0.0003055436,0.0005346546,0.0008725525,0.001081926,0.001130507,0.0008824412,0.0004633014,-0.0001081422,-0.0004468704,-0.0007695703,-0.0005473742,-3.174426e-05,-0.0001575912,-0.0002004191,-0.0007282094,-0.0004717255,-0.0004436795,0.0,0.0,0.0,0.0,0.0,0.0,0.0,0.0,0.0,0.0,0.0,0.0,0.0,0.0,2.166071e-07,0.0001411439,0.0003755933,0.0005498172,0.001005914,0.00139252,0.001462209,0.001480803,0.001001105,0.002174739,0.002688942,0.004594295,0.007897705,0.01172407,0.01537494,0.0186647,0.02285957,0.004222495,0.00169097
9437,102,"(3683540.0, 6069220.0]",0.0,0.0,0.0,0.0,0.0,0.0,0.0,0.0,0.0,0.0,0.0,0.0,0.0,0.0,2.703794e-06,0.0008139998,0.001235524,0.0012518,0.001316048,0.001346902,0.001381145,0.001405025,0.001422296,0.001358853,0.001262695,0.001143147,0.001034619,0.001327825,0.002027575,0.00187131,0.001390138,0.001482741,0.00116689,0.0,0.0,0.0,0.0,0.0,0.0,0.0,0.0,0.0,0.0,0.0,0.0,0.0,0.0,1.452603e-06,0.0007065556,0.001093062,0.00121653,0.001365556,0.001469361,0.001493285,0.001270842,0.0009121039,0.0002556707,-0.0002138482,-0.0006693464,-0.0005416753,-9.176954e-05,-0.0001282532,-7.503741e-05,-0.0008378866,-0.0004484917,-0.0004320447,0.0,0.0,0.0,0.0,0.0,0.0,0.0,0.0,0.0,0.0,0.0,0.0,0.0,0.0,-1.238667e-06,-0.0007764233,-0.0009986651,-0.0008853044,-0.0005734174,-0.0004034261,-0.0005582731,-0.000621635,-0.001131549,0.001054022,0.002068537,0.004970982,0.009751516,0.01464858,0.01914622,0.02285957,0.03129818,0.005364987,0.001372822
9437,102,"(6069220.0, 10000000.0]",0.0,0.0,0.0,0.0,0.0,0.0,0.0,0.0,0.0,0.0,0.0,0.0,0.0,0.0,6.68942e-07,0.0002012734,0.0003032829,0.00030412,0.0003142434,0.000320207,0.000328204,0.0003357212,0.0003414203,0.0003297655,0.0003078676,0.0002778813,0.0002466139,0.0003070622,0.0004608582,0.0004200166,0.0003050317,0.000325576,0.0002712895,0.0,0.0,0.0,0.0,0.0,0.0,0.0,0.0,0.0,0.0,0.0,0.0,0.0,0.0,1.349257e-07,6.606499e-05,0.0001163466,0.000159042,0.0002199245,0.0002582796,0.000267049,0.0002155225,0.0001293892,2.236154e-06,-7.79256e-05,-0.0001545587,-0.0001130796,-7.15784e-06,-2.910507e-05,-3.256734e-05,-0.000159276,-9.5402e-05,-9.026224e-05,0.0,0.0,0.0,0.0,0.0,0.0,0.0,0.0,0.0,0.0,0.0,0.0,0.0,0.0,-4.228174e-08,-2.567982e-05,-3.279461e-06,3.04766e-05,0.0001199884,0.0001899322,0.000191882,0.000191125,8.727424e-05,0.0003964461,0.000535166,0.000999195,0.001790121,0.002669531,0.003496945,0.004222495,0.005364987,0.000968383,0.000343043
9437,102,"(10000000.0, 20000000.0]",0.0,0.0,0.0,0.0,0.0,0.0,0.0,0.0,0.0,0.0,0.0,0.0,0.0,0.0,5.801357e-07,0.0001743837,0.0002595531,0.0002557423,0.0002561004,0.0002588737,0.0002651265,0.0002738058,0.0002807988,0.0002763345,0.000260124,0.0002338848,0.0002003977,0.0002354783,0.0003412401,0.0003027824,0.000209184,0.0002235858,0.0002100813,0.0,0.0,0.0,0.0,0.0,0.0,0.0,0.0,0.0,0.0,0.0,0.0,0.0,0.0,-2.079414e-07,-0.000100155,-0.0001228803,-6.860123e-05,1.842449e-05,6.988059e-05,8.180455e-05,4.204934e-05,-2.887834e-05,-9.008326e-05,-0.0001092275,-0.000125575,-7.440427e-05,1.120505e-05,-2.533009e-05,-5.170811e-05,-7.509331e-05,-6.751251e-05,-6.12999e-05,0.0,0.0,0.0,0.0,0.0,0.0,0.0,0.0,0.0,0.0,0.0,0.0,0.0,0.0,3.380786e-07,0.0002137975,0.0003430187,0.0003802012,0.0004743095,0.0005738959,0.0006313621,0.0006512535,0.0005911438,0.0005388468,0.0005036403,0.0005553225,0.0006993183,0.001001617,0.001326329,0.00169097,0.001372822,0.000343043,0.0003028007
