MAT,,,9237,9237,9237,9237,9237,9237,9237,9237,9237,9237,9237,9237,9237,9237,9237,9237,9237,9237,9237,9237,9237,9237,9237,9237,9237,9237,9237,9237,9237,9237,9237,9237,9237,9237,9237,9237,9237,9237,9237,9237,9237,9237,9237,9237,9237,9237,9237,9237,9237,9237,9237,9237,9237,9237,9237,9237,9237,9237,9237,9237,9237,9237,9237,9237,9237,9237,9237,9237,9237,9237,9237,9237,9237,9237,9237,9237,9237,9237,9237,9237,9237,9237,9237,9237,9237,9237,9237,9237,9237,9237,9237,9237,9237,9237,9237,9237,9237,9237,9237
MT,,,2,2,2,2,2,2,2,2,2,2,2,2,2,2,2,2,2,2,2,2,2,2,2,2,2,2,2,2,2,2,2,2,2,18,18,18,18,18,18,18,18,18,18,18,18,18,18,18,18,18,18,18,18,18,18,18,18,18,18,18,18,18,18,18,18,18,102,102,102,102,102,102,102,102,102,102,102,102,102,102,102,102,102,102,102,102,102,102,102,102,102,102,102,102,102,102,102,102,102
E,,,"(1e-05, 0.1]","(0.1, 0.54]","(0.54, 4.0]","(4.0, 8.31529]","(8.31529, 10.0]","(10.0, 10.7678]","(10.7678, 11.4879]","(11.4879, 12.37]","(12.37, 13.3198]","(13.3198, 13.6945]","(13.6945, 14.3426]","(14.3426, 15.3017]","(15.3017, 16.4766]","(16.4766, 17.7417]","(17.7417, 18.9282]","(18.9282, 20.3815]","(20.3815, 121.433]","(121.433, 129.554]","(129.554, 139.501]","(139.501, 160.258]","(160.258, 185.813]","(185.813, 229.851]","(229.851, 886.73]","(886.73, 1096.88]","(1096.88, 1356.84]","(1356.84, 2095.49]","(2095.49, 3206.45]","(3206.45, 3266.3]","(3266.3, 4556.53]","(4556.53, 5636.43]","(5636.43, 9286.92]","(9286.92, 15301.7]","(15301.7, 20000000.0]","(1e-05, 0.1]","(0.1, 0.54]","(0.54, 4.0]","(4.0, 8.31529]","(8.31529, 10.0]","(10.0, 10.7678]","(10.7678, 11.4879]","(11.4879, 12.37]","(12.37, 13.3198]","(13.3198, 13.6945]","(13.6945, 14.3426]","(14.3426, 15.3017]","(15.3017, 16.4766]","(16.4766, 17.7417]","(17.7417, 18.9282]","(18.9282, 20.3815]","(20.3815, 121.433]","(121.433, 129.554]","(129.554, 139.501]","(139.501, 160.258]","(160.258, 185.813]","(185.813, 229.851]","(229.851, 886.73]","(886.73, 1096.88]","(1096.88, 1356.84]","(1356.84, 2095.49]","(2095.49, 3206.45]","(3206.45, 3266.3]","(3266.3, 4556.53]","(4556.53, 5636.43]","(5636.43, 9286.92]","(9286.92, 15301.7]","(15301.7, 20000000.0]","(1e-05, 0.1]","(0.1, 0.54]","(0.54, 4.0]","(4.0, 8.31529]","(8.31529, 10.0]","(10.0, 10.7678]","(10.7678, 11.4879]","(11.4879, 12.37]","(12.37, 13.3198]","(13.3198, 13.6945]","(13.6945, 14.3426]","(14.3426, 15.3017]","(15.3017, 16.4766]","(16.4766, 17.7417]","(17.7417, 18.9282]","(18.9282, 20.3815]","(20.3815, 121.433]","(121.433, 129.554]","(129.554, 139.501]","(139.501, 160.258]","(160.258, 185.813]","(185.813, 229.851]","(229.851, 886.73]","(886.73, 1096.88]","(1096.88, 1356.84]","(1356.84, 2095.49]","(2095.49, 3206.45]","(3206.45, 3266.3]","(3266.3, 4556.53]","(4556.53, 5636.43]","(5636.43, 9286.92]","(9286.92, 15301.7]","(15301.7, 20000000.0]"
MAT,MT,E,,,,,,,,,,,,,,,,,,,,,,,,,,,,,,,,,,,,,,,,,,,,,,,,,,,,,,,,,,,,,,,,,,,,,,,,,,,,,,,,,,,,,,,,,,,,,,,,,,,
9237,2,"(1e-05, 0.1]",2.412669e-05,2.444438e-05,2.766895e-05,-3.034028e-05,2.506637e-05,-8.142659e-05,-8.142659e-05,-8.142659e-05,-8.142659e-05,-8.142659e-05,-8.142659e-05,-8.142659e-05,-8.142659e-05,-8.142659e-05,-8.142659e-05,-8.142659e-05,-0.0001530424,-6.2514e-06,-6.2514e-06,-6.2514e-06,-6.2514e-06,-6.2514e-06,-4.818373e-06,-3.467014e-06,-3.467014e-06,-3.467014e-06,-2.984326e-06,-2.071664e-07,-2.071664e-07,-2.071664e-07,-2.071664e-07,-2.071664e-07,-7.26584e-11,-5.141779e-07,-5.298371e-07,-4.928398e-07,-1.484303e-07,-4.252524e-07,0.0,0.0,0.0,0.0,0.0,0.0,0.0,0.0,0.0,0.0,0.0,-2.317105e-06,-2.046475e-07,-2.046475e-07,-2.046475e-07,-2.046475e-07,-2.046475e-07,-3.751589e-07,-3.770308e-07,-3.770308e-07,-3.770308e-07,-2.797465e-07,0.0,0.0,0.0,0.0,0.0,0.0,-5.200022e-06,-6.189396e-06,-1.583889e-05,-3.35501e-05,-2.531134e-05,-3.322645e-05,-3.322645e-05,-3.322645e-05,-3.322645e-05,-3.322645e-05,-3.322645e-05,-3.322645e-05,-3.322645e-05,-3.322645e-05,-3.322645e-05,-3.322645e-05,2.779968e-05,1.210982e-05,1.210982e-05,1.210982e-05,1.210982e-05,1.210982e-05,1.29108e-05,1.393789e-05,1.393789e-05,1.393789e-05,1.171253e-05,1.680413e-06,1.680413e-06,1.680413e-06,1.680413e-06,1.680413e-06,6.051822e-09
9237,2,"(0.1, 0.54]",2.444438e-05,2.476757e-05,2.805041e-05,-3.131071e-05,2.53271e-05,-8.375993e-05,-8.375993e-05,-8.375993e-05,-8.375993e-05,-8.375993e-05,-8.375993e-05,-8.375993e-05,-8.375993e-05,-8.375993e-05,-8.375993e-05,-8.375993e-05,-0.000154714,-6.290938e-06,-6.290938e-06,-6.290938e-06,-6.290938e-06,-6.290938e-06,-4.843018e-06,-3.477614e-06,-3.477614e-06,-3.477614e-06,-2.993761e-06,-2.098992e-07,-2.098992e-07,-2.098992e-07,-2.098992e-07,-2.098992e-07,-7.36168e-11,-5.209605e-07,-5.321496e-07,-4.894117e-07,-1.503724e-07,-3.963818e-07,0.0,0.0,0.0,0.0,0.0,0.0,0.0,0.0,0.0,0.0,0.0,-2.34767e-06,-2.073471e-07,-2.073471e-07,-2.073471e-07,-2.073471e-07,-2.073471e-07,-3.801073e-07,-3.82004e-07,-3.82004e-07,-3.82004e-07,-2.834364e-07,0.0,0.0,0.0,0.0,0.0,0.0,-5.603666e-06,-6.611635e-06,-1.642321e-05,-3.44442e-05,-2.60652e-05,-3.410715e-05,-3.410715e-05,-3.410715e-05,-3.410715e-05,-3.410715e-05,-3.410715e-05,-3.410715e-05,-3.410715e-05,-3.410715e-05,-3.410715e-05,-3.410715e-05,2.791037e-05,1.216947e-05,1.216947e-05,1.216947e-05,1.216947e-05,1.216947e-05,1.296058e-05,1.397501e-05,1.397501e-05,1.397501e-05,1.174417e-05,1.687342e-06,1.687342e-06,1.687342e-06,1.687342e-06,1.687342e-06,6.076773e-09
9237,2,"(0.54, 4.0]",2.766895e-05,2.805041e-05,3.199378e-05,-4.354224e-05,2.767407e-05,-0.0001126259,-0.0001126259,-0.0001126259,-0.0001126259,-0.0001126259,-0.0001126259,-0.0001126259,-0.0001126259,-0.0001126259,-0.0001126259,-0.0001126259,-0.0001700802,-6.646671e-06,-6.646671e-06,-6.646671e-06,-6.646671e-06,-6.646671e-06,-5.072653e-06,-3.588337e-06,-3.588337e-06,-3.588337e-06,-3.088561e-06,-2.130847e-07,-2.130847e-07,-2.130847e-07,-2.130847e-07,-2.130847e-07,-7.47341e-11,-5.402487e-07,-5.482492e-07,-5.152991e-07,-2.232097e-07,-3.678888e-07,0.0,0.0,0.0,0.0,0.0,0.0,0.0,0.0,0.0,0.0,0.0,-2.503231e-06,-2.360557e-07,-2.360557e-07,-2.360557e-07,-2.360557e-07,-2.360557e-07,-3.876318e-07,-3.892959e-07,-3.892959e-07,-3.892959e-07,-2.888468e-07,0.0,0.0,0.0,0.0,0.0,0.0,-1.109442e-05,-1.232045e-05,-2.391051e-05,-4.535323e-05,-3.545048e-05,-4.484953e-05,-4.484953e-05,-4.484953e-05,-4.484953e-05,-4.484953e-05,-4.484953e-05,-4.484953e-05,-4.484953e-05,-4.484953e-05,-4.484953e-05,-4.484953e-05,2.800268e-05,1.271835e-05,1.271835e-05,1.271835e-05,1.271835e-05,1.271835e-05,1.342707e-05,1.433585e-05,1.433585e-05,1.433585e-05,1.204775e-05,1.73282e-06,1.73282e-06,1.73282e-06,1.73282e-06,1.73282e-06,6.240558e-09
9237,2,"(4.0, 8.31529]",-3.034028e-05,-3.131071e-05,-4.354224e-05,0.0003362468,5.370927e-06,0.0007430915,0.0007430915,0.0007430915,0.0007430915,0.0007430915,0.0007430915,0.0007430915,0.0007430915,0.0007430915,0.0007430915,0.0007430915,-4.873897e-08,-1.858801e-06,-1.858801e-06,-1.858801e-06,-1.858801e-06,-1.858801e-06,-1.551978e-06,-1.262641e-06,-1.262641e-06,-1.262641e-06,-1.0818e-06,-4.133136e-08,-4.133136e-08,-4.133136e-08,-4.133136e-08,-4.133136e-08,-1.44959e-11,-4.705507e-07,-4.848812e-07,-8.214437e-07,5.507302e-06,-1.3197e-06,-1.126e-06,-1.126e-06,-1.126e-06,-1.126e-06,-1.126e-06,-1.126e-06,-1.126e-06,-1.126e-06,-1.126e-06,-1.126e-06,-1.126e-06,-1.808805e-06,-4.021691e-08,-4.021691e-08,-4.021691e-08,-4.021691e-08,-4.021691e-08,-7.04751e-08,-7.080729e-08,-7.080729e-08,-7.080729e-08,-5.253706e-08,0.0,0.0,0.0,0.0,0.0,0.0,0.0001781254,0.0001823659,0.0002116058,0.0002743858,0.000245833,0.0002662802,0.0002662802,0.0002662802,0.0002662802,0.0002662802,0.0002662802,0.0002662802,0.0002662802,0.0002662802,0.0002662802,0.0002662802,9.459089e-05,5.428315e-06,5.428315e-06,5.428315e-06,5.428315e-06,5.428315e-06,5.634413e-06,5.898691e-06,5.898691e-06,5.898691e-06,4.95344e-06,6.921785e-07,6.921785e-07,6.921785e-07,6.921785e-07,6.921785e-07,2.492804e-09
9237,2,"(8.31529, 10.0]",2.506637e-05,2.53271e-05,2.767407e-05,5.370927e-06,3.06804e-05,-4.89691e-06,-4.89691e-06,-4.89691e-06,-4.89691e-06,-4.89691e-06,-4.89691e-06,-4.89691e-06,-4.89691e-06,-4.89691e-06,-4.89691e-06,-4.89691e-06,-0.0001842241,-6.68533e-06,-6.68533e-06,-6.68533e-06,-6.68533e-06,-6.68533e-06,-4.991834e-06,-3.39485e-06,-3.39485e-06,-3.39485e-06,-2.920473e-06,-1.91134e-07,-1.91134e-07,-1.91134e-07,-1.91134e-07,-1.91134e-07,-6.70354e-11,-6.325138e-07,-6.517768e-07,-6.328914e-07,3.167831e-07,-5.99411e-07,-1.6606e-07,-1.6606e-07,-1.6606e-07,-1.6606e-07,-1.6606e-07,-1.6606e-07,-1.6606e-07,-1.6606e-07,-1.6606e-07,-1.6606e-07,-1.6606e-07,-2.801598e-06,-2.30767e-07,-2.30767e-07,-2.30767e-07,-2.30767e-07,-2.30767e-07,-2.828631e-07,-2.83435e-07,-2.83435e-07,-2.83435e-07,-2.10301e-07,0.0,0.0,0.0,0.0,0.0,0.0,1.606443e-05,1.540989e-05,7.501722e-06,-6.053502e-06,4.34197e-07,-6.5985e-06,-6.5985e-06,-6.5985e-06,-6.5985e-06,-6.5985e-06,-6.5985e-06,-6.5985e-06,-6.5985e-06,-6.5985e-06,-6.5985e-06,-6.5985e-06,4.499706e-05,1.27335e-05,1.27335e-05,1.27335e-05,1.27335e-05,1.27335e-05,1.305221e-05,1.34609e-05,1.34609e-05,1.34609e-05,1.131208e-05,1.62504e-06,1.62504e-06,1.62504e-06,1.62504e-06,1.62504e-06,5.852401e-09
9237,2,"(10.0, 10.7678]",-8.142659e-05,-8.375993e-05,-0.0001126259,0.0007430915,-4.89691e-06,0.00173905,0.00173905,0.00173905,0.00173905,0.00173905,0.00173905,0.00173905,0.00173905,0.00173905,0.00173905,0.00173905,8.523137e-05,9.61156e-08,9.61156e-08,9.61156e-08,9.61156e-08,9.61156e-08,-1.642246e-07,-4.09728e-07,-4.09728e-07,-4.09728e-07,-3.490592e-07,0.0,0.0,0.0,0.0,0.0,0.0,-3.968397e-07,-4.089253e-07,-5.476368e-07,-4.111247e-09,-9.02571e-07,2.50047e-06,2.50047e-06,2.50047e-06,2.50047e-06,2.50047e-06,2.50047e-06,2.50047e-06,2.50047e-06,2.50047e-06,2.50047e-06,2.50047e-06,1.570219e-07,0.0,0.0,0.0,0.0,0.0,0.0,0.0,0.0,0.0,0.0,0.0,0.0,0.0,0.0,0.0,0.0,0.0004052667,0.0004154263,0.0004871197,0.0006214828,0.000569893,0.000622017,0.000622017,0.000622017,0.000622017,0.000622017,0.000622017,0.000622017,0.000622017,0.000622017,0.000622017,0.000622017,0.0001988611,3.55382e-06,3.55382e-06,3.55382e-06,3.55382e-06,3.55382e-06,3.438896e-06,3.29153e-06,3.29153e-06,3.29153e-06,2.77546e-06,4.48978e-07,4.48978e-07,4.48978e-07,4.48978e-07,4.48978e-07,1.616944e-09
9237,2,"(10.7678, 11.4879]",-8.142659e-05,-8.375993e-05,-0.0001126259,0.0007430915,-4.89691e-06,0.00173905,0.00173905,0.00173905,0.00173905,0.00173905,0.00173905,0.00173905,0.00173905,0.00173905,0.00173905,0.00173905,8.523137e-05,9.61156e-08,9.61156e-08,9.61156e-08,9.61156e-08,9.61156e-08,-1.642246e-07,-4.09728e-07,-4.09728e-07,-4.09728e-07,-3.490592e-07,0.0,0.0,0.0,0.0,0.0,0.0,-3.968397e-07,-4.089253e-07,-5.476368e-07,-4.111247e-09,-9.02571e-07,2.50047e-06,2.50047e-06,2.50047e-06,2.50047e-06,2.50047e-06,2.50047e-06,2.50047e-06,2.50047e-06,2.50047e-06,2.50047e-06,2.50047e-06,1.570219e-07,0.0,0.0,0.0,0.0,0.0,0.0,0.0,0.0,0.0,0.0,0.0,0.0,0.0,0.0,0.0,0.0,0.0004052667,0.0004154263,0.0004871197,0.0006214828,0.000569893,0.000622017,0.000622017,0.000622017,0.000622017,0.000622017,0.000622017,0.000622017,0.000622017,0.000622017,0.000622017,0.000622017,0.0001988611,3.55382e-06,3.55382e-06,3.55382e-06,3.55382e-06,3.55382e-06,3.438896e-06,3.29153e-06,3.29153e-06,3.29153e-06,2.77546e-06,4.48978e-07,4.48978e-07,4.48978e-07,4.48978e-07,4.48978e-07,1.616944e-09
9237,2,"(11.4879, 12.37]",-8.142659e-05,-8.375993e-05,-0.0001126259,0.0007430915,-4.89691e-06,0.00173905,0.00173905,0.00173905,0.00173905,0.00173905,0.00173905,0.00173905,0.00173905,0.00173905,0.00173905,0.00173905,8.523137e-05,9.61156e-08,9.61156e-08,9.61156e-08,9.61156e-08,9.61156e-08,-1.642246e-07,-4.09728e-07,-4.09728e-07,-4.09728e-07,-3.490592e-07,0.0,0.0,0.0,0.0,0.0,0.0,-3.968397e-07,-4.089253e-07,-5.476368e-07,-4.111247e-09,-9.02571e-07,2.50047e-06,2.50047e-06,2.50047e-06,2.50047e-06,2.50047e-06,2.50047e-06,2.50047e-06,2.50047e-06,2.50047e-06,2.50047e-06,2.50047e-06,1.570219e-07,0.0,0.0,0.0,0.0,0.0,0.0,0.0,0.0,0.0,0.0,0.0,0.0,0.0,0.0,0.0,0.0,0.0004052667,0.0004154263,0.0004871197,0.0006214828,0.000569893,0.000622017,0.000622017,0.000622017,0.000622017,0.000622017,0.000622017,0.000622017,0.000622017,0.000622017,0.000622017,0.000622017,0.0001988611,3.55382e-06,3.55382e-06,3.55382e-06,3.55382e-06,3.55382e-06,3.438896e-06,3.29153e-06,3.29153e-06,3.29153e-06,2.77546e-06,4.48978e-07,4.48978e-07,4.48978e-07,4.48978e-07,4.48978e-07,1.616944e-09
9237,2,"(12.37, 13.3198]",-8.142659e-05,-8.375993e-05,-0.0001126259,0.0007430915,-4.89691e-06,0.00173905,0.00173905,0.00173905,0.00173905,0.00173905,0.00173905,0.00173905,0.00173905,0.00173905,0.00173905,0.00173905,8.523137e-05,9.61156e-08,9.61156e-08,9.61156e-08,9.61156e-08,9.61156e-08,-1.642246e-07,-4.09728e-07,-4.09728e-07,-4.09728e-07,-3.490592e-07,0.0,0.0,0.0,0.0,0.0,0.0,-3.968397e-07,-4.089253e-07,-5.476368e-07,-4.111247e-09,-9.02571e-07,2.50047e-06,2.50047e-06,2.50047e-06,2.50047e-06,2.50047e-06,2.50047e-06,2.50047e-06,2.50047e-06,2.50047e-06,2.50047e-06,2.50047e-06,1.570219e-07,0.0,0.0,0.0,0.0,0.0,0.0,0.0,0.0,0.0,0.0,0.0,0.0,0.0,0.0,0.0,0.0,0.0004052667,0.0004154263,0.0004871197,0.0006214828,0.000569893,0.000622017,0.000622017,0.000622017,0.000622017,0.000622017,0.000622017,0.000622017,0.000622017,0.000622017,0.000622017,0.000622017,0.0001988611,3.55382e-06,3.55382e-06,3.55382e-06,3.55382e-06,3.55382e-06,3.438896e-06,3.29153e-06,3.29153e-06,3.29153e-06,2.77546e-06,4.48978e-07,4.48978e-07,4.48978e-07,4.48978e-07,4.48978e-07,1.616944e-09
9237,2,"(13.3198, 13.6945]",-8.142659e-05,-8.375993e-05,-0.0001126259,0.0007430915,-4.89691e-06,0.00173905,0.00173905,0.00173905,0.00173905,0.00173905,0.00173905,0.00173905,0.00173905,0.00173905,0.00173905,0.00173905,8.523137e-05,9.61156e-08,9.61156e-08,9.61156e-08,9.61156e-08,9.61156e-08,-1.642246e-07,-4.09728e-07,-4.09728e-07,-4.09728e-07,-3.490592e-07,0.0,0.0,0.0,0.0,0.0,0.0,-3.968397e-07,-4.089253e-07,-5.476368e-07,-4.111247e-09,-9.02571e-07,2.50047e-06,2.50047e-06,2.50047e-06,2.50047e-06,2.50047e-06,2.50047e-06,2.50047e-06,2.50047e-06,2.50047e-06,2.50047e-06,2.50047e-06,1.570219e-07,0.0,0.0,0.0,0.0,0.0,0.0,0.0,0.0,0.0,0.0,0.0,0.0,0.0,0.0,0.0,0.0,0.0004052667,0.0004154263,0.0004871197,0.0006214828,0.000569893,0.000622017,0.000622017,0.000622017,0.000622017,0.000622017,0.000622017,0.000622017,0.000622017,0.000622017,0.000622017,0.000622017,0.0001988611,3.55382e-06,3.55382e-06,3.55382e-06,3.55382e-06,3.55382e-06,3.438896e-06,3.29153e-06,3.29153e-06,3.29153e-06,2.77546e-06,4.48978e-07,4.48978e-07,4.48978e-07,4.48978e-07,4.48978e-07,1.616944e-09
9237,2,"(13.6945, 14.3426]",-8.142659e-05,-8.375993e-05,-0.0001126259,0.0007430915,-4.89691e-06,0.00173905,0.00173905,0.00173905,0.00173905,0.00173905,0.00173905,0.00173905,0.00173905,0.00173905,0.00173905,0.00173905,8.523137e-05,9.61156e-08,9.61156e-08,9.61156e-08,9.61156e-08,9.61156e-08,-1.642246e-07,-4.09728e-07,-4.09728e-07,-4.09728e-07,-3.490592e-07,0.0,0.0,0.0,0.0,0.0,0.0,-3.968397e-07,-4.089253e-07,-5.476368e-07,-4.111247e-09,-9.02571e-07,2.50047e-06,2.50047e-06,2.50047e-06,2.50047e-06,2.50047e-06,2.50047e-06,2.50047e-06,2.50047e-06,2.50047e-06,2.50047e-06,2.50047e-06,1.570219e-07,0.0,0.0,0.0,0.0,0.0,0.0,0.0,0.0,0.0,0.0,0.0,0.0,0.0,0.0,0.0,0.0,0.0004052667,0.0004154263,0.0004871197,0.0006214828,0.000569893,0.000622017,0.000622017,0.000622017,0.000622017,0.000622017,0.000622017,0.000622017,0.000622017,0.000622017,0.000622017,0.000622017,0.0001988611,3.55382e-06,3.55382e-06,3.55382e-06,3.55382e-06,3.55382e-06,3.438896e-06,3.29153e-06,3.29153e-06,3.29153e-06,2.77546e-06,4.48978e-07,4.48978e-07,4.48978e-07,4.48978e-07,4.48978e-07,1.616944e-09
9237,2,"(14.3426, 15.3017]",-8.142659e-05,-8.375993e-05,-0.0001126259,0.0007430915,-4.89691e-06,0.00173905,0.00173905,0.00173905,0.00173905,0.00173905,0.00173905,0.00173905,0.00173905,0.00173905,0.00173905,0.00173905,8.523137e-05,9.61156e-08,9.61156e-08,9.61156e-08,9.61156e-08,9.61156e-08,-1.642246e-07,-4.09728e-07,-4.09728e-07,-4.09728e-07,-3.490592e-07,0.0,0.0,0.0,0.0,0.0,0.0,-3.968397e-07,-4.089253e-07,-5.476368e-07,-4.111247e-09,-9.02571e-07,2.50047e-06,2.50047e-06,2.50047e-06,2.50047e-06,2.50047e-06,2.50047e-06,2.50047e-06,2.50047e-06,2.50047e-06,2.50047e-06,2.50047e-06,1.570219e-07,0.0,0.0,0.0,0.0,0.0,0.0,0.0,0.0,0.0,0.0,0.0,0.0,0.0,0.0,0.0,0.0,0.0004052667,0.0004154263,0.0004871197,0.0006214828,0.000569893,0.000622017,0.000622017,0.000622017,0.000622017,0.000622017,0.000622017,0.000622017,0.000622017,0.000622017,0.000622017,0.000622017,0.0001988611,3.55382e-06,3.55382e-06,3.55382e-06,3.55382e-06,3.55382e-06,3.438896e-06,3.29153e-06,3.29153e-06,3.29153e-06,2.77546e-06,4.48978e-07,4.48978e-07,4.48978e-07,4.48978e-07,4.48978e-07,1.616944e-09
9237,2,"(15.3017, 16.4766]",-8.142659e-05,-8.375993e-05,-0.0001126259,0.0007430915,-4.89691e-06,0.00173905,0.00173905,0.00173905,0.00173905,0.00173905,0.00173905,0.00173905,0.00173905,0.00173905,0.00173905,0.00173905,8.523137e-05,9.61156e-08,9.61156e-08,9.61156e-08,9.61156e-08,9.61156e-08,-1.642246e-07,-4.09728e-07,-4.09728e-07,-4.09728e-07,-3.490592e-07,0.0,0.0,0.0,0.0,0.0,0.0,-3.968397e-07,-4.089253e-07,-5.476368e-07,-4.111247e-09,-9.02571e-07,2.50047e-06,2.50047e-06,2.50047e-06,2.50047e-06,2.50047e-06,2.50047e-06,2.50047e-06,2.50047e-06,2.50047e-06,2.50047e-06,2.50047e-06,1.570219e-07,0.0,0.0,0.0,0.0,0.0,0.0,0.0,0.0,0.0,0.0,0.0,0.0,0.0,0.0,0.0,0.0,0.0004052667,0.0004154263,0.0004871197,0.0006214828,0.000569893,0.000622017,0.000622017,0.000622017,0.000622017,0.000622017,0.000622017,0.000622017,0.000622017,0.000622017,0.000622017,0.000622017,0.0001988611,3.55382e-06,3.55382e-06,3.55382e-06,3.55382e-06,3.55382e-06,3.438896e-06,3.29153e-06,3.29153e-06,3.29153e-06,2.77546e-06,4.48978e-07,4.48978e-07,4.48978e-07,4.48978e-07,4.48978e-07,1.616944e-09
9237,2,"(16.4766, 17.7417]",-8.142659e-05,-8.375993e-05,-0.0001126259,0.0007430915,-4.89691e-06,0.00173905,0.00173905,0.00173905,0.00173905,0.00173905,0.00173905,0.00173905,0.00173905,0.00173905,0.00173905,0.00173905,8.523137e-05,9.61156e-08,9.61156e-08,9.61156e-08,9.61156e-08,9.61156e-08,-1.642246e-07,-4.09728e-07,-4.09728e-07,-4.09728e-07,-3.490592e-07,0.0,0.0,0.0,0.0,0.0,0.0,-3.968397e-07,-4.089253e-07,-5.476368e-07,-4.111247e-09,-9.02571e-07,2.50047e-06,2.50047e-06,2.50047e-06,2.50047e-06,2.50047e-06,2.50047e-06,2.50047e-06,2.50047e-06,2.50047e-06,2.50047e-06,2.50047e-06,1.570219e-07,0.0,0.0,0.0,0.0,0.0,0.0,0.0,0.0,0.0,0.0,0.0,0.0,0.0,0.0,0.0,0.0,0.0004052667,0.0004154263,0.0004871197,0.0006214828,0.000569893,0.000622017,0.000622017,0.000622017,0.000622017,0.000622017,0.000622017,0.000622017,0.000622017,0.000622017,0.000622017,0.000622017,0.0001988611,3.55382e-06,3.55382e-06,3.55382e-06,3.55382e-06,3.55382e-06,3.438896e-06,3.29153e-06,3.29153e-06,3.29153e-06,2.77546e-06,4.48978e-07,4.48978e-07,4.48978e-07,4.48978e-07,4.48978e-07,1.616944e-09
9237,2,"(17.7417, 18.9282]",-8.142659e-05,-8.375993e-05,-0.0001126259,0.0007430915,-4.89691e-06,0.00173905,0.00173905,0.00173905,0.00173905,0.00173905,0.00173905,0.00173905,0.00173905,0.00173905,0.00173905,0.00173905,8.523137e-05,9.61156e-08,9.61156e-08,9.61156e-08,9.61156e-08,9.61156e-08,-1.642246e-07,-4.09728e-07,-4.09728e-07,-4.09728e-07,-3.490592e-07,0.0,0.0,0.0,0.0,0.0,0.0,-3.968397e-07,-4.089253e-07,-5.476368e-07,-4.111247e-09,-9.02571e-07,2.50047e-06,2.50047e-06,2.50047e-06,2.50047e-06,2.50047e-06,2.50047e-06,2.50047e-06,2.50047e-06,2.50047e-06,2.50047e-06,2.50047e-06,1.570219e-07,0.0,0.0,0.0,0.0,0.0,0.0,0.0,0.0,0.0,0.0,0.0,0.0,0.0,0.0,0.0,0.0,0.0004052667,0.0004154263,0.0004871197,0.0006214828,0.000569893,0.000622017,0.000622017,0.000622017,0.000622017,0.000622017,0.000622017,0.000622017,0.000622017,0.000622017,0.000622017,0.000622017,0.0001988611,3.55382e-06,3.55382e-06,3.55382e-06,3.55382e-06,3.55382e-06,3.438896e-06,3.29153e-06,3.29153e-06,3.29153e-06,2.77546e-06,4.48978e-07,4.48978e-07,4.48978e-07,4.48978e-07,4.48978e-07,1.616944e-09
9237,2,"(18.9282, 20.3815]",-8.142659e-05,-8.375993e-05,-0.0001126259,0.0007430915,-4.89691e-06,0.00173905,0.00173905,0.00173905,0.00173905,0.00173905,0.00173905,0.00173905,0.00173905,0.00173905,0.00173905,0.00173905,8.523137e-05,9.61156e-08,9.61156e-08,9.61156e-08,9.61156e-08,9.61156e-08,-1.642246e-07,-4.09728e-07,-4.09728e-07,-4.09728e-07,-3.490592e-07,0.0,0.0,0.0,0.0,0.0,0.0,-3.968397e-07,-4.089253e-07,-5.476368e-07,-4.111247e-09,-9.02571e-07,2.50047e-06,2.50047e-06,2.50047e-06,2.50047e-06,2.50047e-06,2.50047e-06,2.50047e-06,2.50047e-06,2.50047e-06,2.50047e-06,2.50047e-06,1.570219e-07,0.0,0.0,0.0,0.0,0.0,0.0,0.0,0.0,0.0,0.0,0.0,0.0,0.0,0.0,0.0,0.0,0.0004052667,0.0004154263,0.0004871197,0.0006214828,0.000569893,0.000622017,0.000622017,0.000622017,0.000622017,0.000622017,0.000622017,0.000622017,0.000622017,0.000622017,0.000622017,0.000622017,0.0001988611,3.55382e-06,3.55382e-06,3.55382e-06,3.55382e-06,3.55382e-06,3.438896e-06,3.29153e-06,3.29153e-06,3.29153e-06,2.77546e-06,4.48978e-07,4.48978e-07,4.48978e-07,4.48978e-07,4.48978e-07,1.616944e-09
9237,2,"(20.3815, 121.433]",-0.0001530424,-0.000154714,-0.0001700802,-4.873897e-08,-0.0001842241,8.523137e-05,8.523137e-05,8.523137e-05,8.523137e-05,8.523137e-05,8.523137e-05,8.523137e-05,8.523137e-05,8.523137e-05,8.523137e-05,8.523137e-05,0.001130113,2.984476e-05,2.984476e-05,2.984476e-05,2.984476e-05,2.984476e-05,1.584813e-05,2.64917e-06,2.64917e-06,2.64917e-06,2.253478e-06,-2.314598e-08,-2.314598e-08,-2.314598e-08,-2.314598e-08,-2.314598e-08,-8.11787e-12,3.457919e-06,3.56323e-06,3.324934e-06,3.839623e-08,2.804699e-06,2.402466e-07,2.402466e-07,2.402466e-07,2.402466e-07,2.402466e-07,2.402466e-07,2.402466e-07,2.402466e-07,2.402466e-07,2.402466e-07,2.402466e-07,1.913384e-05,-1.886327e-07,-1.886327e-07,-1.886327e-07,-1.886327e-07,-1.886327e-07,-7.843756e-08,-7.72278e-08,-7.72278e-08,-7.72278e-08,-5.73009e-08,0.0,0.0,0.0,0.0,0.0,0.0,-8.424395e-05,-7.992901e-05,-2.939828e-05,6.124051e-05,1.638175e-05,6.041261e-05,6.041261e-05,6.041261e-05,6.041261e-05,6.041261e-05,6.041261e-05,6.041261e-05,6.041261e-05,6.041261e-05,6.041261e-05,6.041261e-05,-0.0002661506,-5.430492e-05,-5.430492e-05,-5.430492e-05,-5.430492e-05,-5.430492e-05,-3.215434e-05,-3.750847e-06,-3.750847e-06,-3.750847e-06,-2.979252e-06,4.991564e-07,4.991564e-07,4.991564e-07,4.991564e-07,4.991564e-07,1.797656e-09
9237,2,"(121.433, 129.554]",-6.2514e-06,-6.290938e-06,-6.646671e-06,-1.858801e-06,-6.68533e-06,9.61156e-08,9.61156e-08,9.61156e-08,9.61156e-08,9.61156e-08,9.61156e-08,9.61156e-08,9.61156e-08,9.61156e-08,9.61156e-08,9.61156e-08,2.984476e-05,5.90245e-05,5.90245e-05,5.90245e-05,5.90245e-05,5.90245e-05,3.034674e-05,3.30333e-06,3.30333e-06,3.30333e-06,2.80548e-06,-5.89129e-08,-5.89129e-08,-5.89129e-08,-5.89129e-08,-5.89129e-08,-2.06622e-11,0.0,0.0,0.0,0.0,0.0,0.0,0.0,0.0,0.0,0.0,0.0,0.0,0.0,0.0,0.0,0.0,1.82059e-07,-4.80122e-07,-4.80122e-07,-4.80122e-07,-4.80122e-07,-4.80122e-07,-1.996452e-07,-1.96566e-07,-1.96566e-07,-1.96566e-07,-1.458466e-07,0.0,0.0,0.0,0.0,0.0,0.0,-9.781053e-06,-9.4032e-06,-5.371292e-06,7.836533e-07,-1.57429e-06,7.59816e-07,7.59816e-07,7.59816e-07,7.59816e-07,7.59816e-07,7.59816e-07,7.59816e-07,7.59816e-07,7.59816e-07,7.59816e-07,7.59816e-07,-3.669254e-05,-0.000150819,-0.000150819,-0.000150819,-0.000150819,-0.000150819,-9.081977e-05,-1.38833e-05,-1.38833e-05,-1.38833e-05,-1.123512e-05,7.03078e-07,7.03078e-07,7.03078e-07,7.03078e-07,7.03078e-07,2.532057e-09
9237,2,"(129.554, 139.501]",-6.2514e-06,-6.290938e-06,-6.646671e-06,-1.858801e-06,-6.68533e-06,9.61156e-08,9.61156e-08,9.61156e-08,9.61156e-08,9.61156e-08,9.61156e-08,9.61156e-08,9.61156e-08,9.61156e-08,9.61156e-08,9.61156e-08,2.984476e-05,5.90245e-05,5.90245e-05,5.90245e-05,5.90245e-05,5.90245e-05,3.034674e-05,3.30333e-06,3.30333e-06,3.30333e-06,2.80548e-06,-5.89129e-08,-5.89129e-08,-5.89129e-08,-5.89129e-08,-5.89129e-08,-2.06622e-11,0.0,0.0,0.0,0.0,0.0,0.0,0.0,0.0,0.0,0.0,0.0,0.0,0.0,0.0,0.0,0.0,1.82059e-07,-4.80122e-07,-4.80122e-07,-4.80122e-07,-4.80122e-07,-4.80122e-07,-1.996452e-07,-1.96566e-07,-1.96566e-07,-1.96566e-07,-1.458466e-07,0.0,0.0,0.0,0.0,0.0,0.0,-9.781053e-06,-9.4032e-06,-5.371292e-06,7.836533e-07,-1.57429e-06,7.59816e-07,7.59816e-07,7.59816e-07,7.59816e-07,7.59816e-07,7.59816e-07,7.59816e-07,7.59816e-07,7.59816e-07,7.59816e-07,7.59816e-07,-3.669254e-05,-0.000150819,-0.000150819,-0.000150819,-0.000150819,-0.000150819,-9.081977e-05,-1.38833e-05,-1.38833e-05,-1.38833e-05,-1.123512e-05,7.03078e-07,7.03078e-07,7.03078e-07,7.03078e-07,7.03078e-07,2.532057e-09
9237,2,"(139.501, 160.258]",-6.2514e-06,-6.290938e-06,-6.646671e-06,-1.858801e-06,-6.68533e-06,9.61156e-08,9.61156e-08,9.61156e-08,9.61156e-08,9.61156e-08,9.61156e-08,9.61156e-08,9.61156e-08,9.61156e-08,9.61156e-08,9.61156e-08,2.984476e-05,5.90245e-05,5.90245e-05,5.90245e-05,5.90245e-05,5.90245e-05,3.034674e-05,3.30333e-06,3.30333e-06,3.30333e-06,2.80548e-06,-5.89129e-08,-5.89129e-08,-5.89129e-08,-5.89129e-08,-5.89129e-08,-2.06622e-11,0.0,0.0,0.0,0.0,0.0,0.0,0.0,0.0,0.0,0.0,0.0,0.0,0.0,0.0,0.0,0.0,1.82059e-07,-4.80122e-07,-4.80122e-07,-4.80122e-07,-4.80122e-07,-4.80122e-07,-1.996452e-07,-1.96566e-07,-1.96566e-07,-1.96566e-07,-1.458466e-07,0.0,0.0,0.0,0.0,0.0,0.0,-9.781053e-06,-9.4032e-06,-5.371292e-06,7.836533e-07,-1.57429e-06,7.59816e-07,7.59816e-07,7.59816e-07,7.59816e-07,7.59816e-07,7.59816e-07,7.59816e-07,7.59816e-07,7.59816e-07,7.59816e-07,7.59816e-07,-3.669254e-05,-0.000150819,-0.000150819,-0.000150819,-0.000150819,-0.000150819,-9.081977e-05,-1.38833e-05,-1.38833e-05,-1.38833e-05,-1.123512e-05,7.03078e-07,7.03078e-07,7.03078e-07,7.03078e-07,7.03078e-07,2.532057e-09
9237,2,"(160.258, 185.813]",-6.2514e-06,-6.290938e-06,-6.646671e-06,-1.858801e-06,-6.68533e-06,9.61156e-08,9.61156e-08,9.61156e-08,9.61156e-08,9.61156e-08,9.61156e-08,9.61156e-08,9.61156e-08,9.61156e-08,9.61156e-08,9.61156e-08,2.984476e-05,5.90245e-05,5.90245e-05,5.90245e-05,5.90245e-05,5.90245e-05,3.034674e-05,3.30333e-06,3.30333e-06,3.30333e-06,2.80548e-06,-5.89129e-08,-5.89129e-08,-5.89129e-08,-5.89129e-08,-5.89129e-08,-2.06622e-11,0.0,0.0,0.0,0.0,0.0,0.0,0.0,0.0,0.0,0.0,0.0,0.0,0.0,0.0,0.0,0.0,1.82059e-07,-4.80122e-07,-4.80122e-07,-4.80122e-07,-4.80122e-07,-4.80122e-07,-1.996452e-07,-1.96566e-07,-1.96566e-07,-1.96566e-07,-1.458466e-07,0.0,0.0,0.0,0.0,0.0,0.0,-9.781053e-06,-9.4032e-06,-5.371292e-06,7.836533e-07,-1.57429e-06,7.59816e-07,7.59816e-07,7.59816e-07,7.59816e-07,7.59816e-07,7.59816e-07,7.59816e-07,7.59816e-07,7.59816e-07,7.59816e-07,7.59816e-07,-3.669254e-05,-0.000150819,-0.000150819,-0.000150819,-0.000150819,-0.000150819,-9.081977e-05,-1.38833e-05,-1.38833e-05,-1.38833e-05,-1.123512e-05,7.03078e-07,7.03078e-07,7.03078e-07,7.03078e-07,7.03078e-07,2.532057e-09
9237,2,"(185.813, 229.851]",-6.2514e-06,-6.290938e-06,-6.646671e-06,-1.858801e-06,-6.68533e-06,9.61156e-08,9.61156e-08,9.61156e-08,9.61156e-08,9.61156e-08,9.61156e-08,9.61156e-08,9.61156e-08,9.61156e-08,9.61156e-08,9.61156e-08,2.984476e-05,5.90245e-05,5.90245e-05,5.90245e-05,5.90245e-05,5.90245e-05,3.034674e-05,3.30333e-06,3.30333e-06,3.30333e-06,2.80548e-06,-5.89129e-08,-5.89129e-08,-5.89129e-08,-5.89129e-08,-5.89129e-08,-2.06622e-11,0.0,0.0,0.0,0.0,0.0,0.0,0.0,0.0,0.0,0.0,0.0,0.0,0.0,0.0,0.0,0.0,1.82059e-07,-4.80122e-07,-4.80122e-07,-4.80122e-07,-4.80122e-07,-4.80122e-07,-1.996452e-07,-1.96566e-07,-1.96566e-07,-1.96566e-07,-1.458466e-07,0.0,0.0,0.0,0.0,0.0,0.0,-9.781053e-06,-9.4032e-06,-5.371292e-06,7.836533e-07,-1.57429e-06,7.59816e-07,7.59816e-07,7.59816e-07,7.59816e-07,7.59816e-07,7.59816e-07,7.59816e-07,7.59816e-07,7.59816e-07,7.59816e-07,7.59816e-07,-3.669254e-05,-0.000150819,-0.000150819,-0.000150819,-0.000150819,-0.000150819,-9.081977e-05,-1.38833e-05,-1.38833e-05,-1.38833e-05,-1.123512e-05,7.03078e-07,7.03078e-07,7.03078e-07,7.03078e-07,7.03078e-07,2.532057e-09
9237,2,"(229.851, 886.73]",-4.818373e-06,-4.843018e-06,-5.072653e-06,-1.551978e-06,-4.991834e-06,-1.642246e-07,-1.642246e-07,-1.642246e-07,-1.642246e-07,-1.642246e-07,-1.642246e-07,-1.642246e-07,-1.642246e-07,-1.642246e-07,-1.642246e-07,-1.642246e-07,1.584813e-05,3.034674e-05,3.034674e-05,3.034674e-05,3.034674e-05,3.034674e-05,2.13516e-05,1.286909e-05,1.286909e-05,1.286909e-05,1.107005e-05,7.192214e-07,7.192214e-07,7.192214e-07,7.192214e-07,7.192214e-07,2.52249e-10,6.87424e-08,7.083595e-08,6.340679e-08,2.37389e-10,5.211604e-08,0.0,0.0,0.0,0.0,0.0,0.0,0.0,0.0,0.0,0.0,0.0,1.324105e-07,1.181013e-07,1.181013e-07,1.181013e-07,1.181013e-07,1.181013e-07,4.553718e-07,4.590744e-07,4.590744e-07,4.590744e-07,3.406206e-07,0.0,0.0,0.0,0.0,0.0,0.0,-5.120456e-06,-4.919873e-06,-2.785752e-06,4.711231e-07,-7.773035e-07,4.553621e-07,4.553621e-07,4.553621e-07,4.553621e-07,4.553621e-07,4.553621e-07,4.553621e-07,4.553621e-07,4.553621e-07,4.553621e-07,4.553621e-07,-1.885874e-05,-7.696951e-05,-7.696951e-05,-7.696951e-05,-7.696951e-05,-7.696951e-05,-6.778295e-05,-5.60031e-05,-5.60031e-05,-5.60031e-05,-4.699507e-05,-6.38622e-06,-6.38622e-06,-6.38622e-06,-6.38622e-06,-6.38622e-06,-2.299926e-08
9237,2,"(886.73, 1096.88]",-3.467014e-06,-3.477614e-06,-3.588337e-06,-1.262641e-06,-3.39485e-06,-4.09728e-07,-4.09728e-07,-4.09728e-07,-4.09728e-07,-4.09728e-07,-4.09728e-07,-4.09728e-07,-4.09728e-07,-4.09728e-07,-4.09728e-07,-4.09728e-07,2.64917e-06,3.30333e-06,3.30333e-06,3.30333e-06,3.30333e-06,3.30333e-06,1.286909e-05,2.18897e-05,2.18897e-05,2.18897e-05,1.886362e-05,1.45301e-06,1.45301e-06,1.45301e-06,1.45301e-06,1.45301e-06,5.09607e-10,1.335672e-07,1.37635e-07,1.232e-07,4.6125e-10,1.01262e-07,0.0,0.0,0.0,0.0,0.0,0.0,0.0,0.0,0.0,0.0,0.0,8.559146e-08,6.82232e-07,6.82232e-07,6.82232e-07,6.82232e-07,6.82232e-07,1.073059e-06,1.07735e-06,1.07735e-06,1.07735e-06,7.993641e-07,0.0,0.0,0.0,0.0,0.0,0.0,-7.254653e-07,-6.920506e-07,-3.475618e-07,1.764041e-07,-2.57372e-08,1.68259e-07,1.68259e-07,1.68259e-07,1.68259e-07,1.68259e-07,1.68259e-07,1.68259e-07,1.68259e-07,1.68259e-07,1.68259e-07,1.68259e-07,-2.041289e-06,-7.32869e-06,-7.32869e-06,-7.32869e-06,-7.32869e-06,-7.32869e-06,-4.605899e-05,-9.57225e-05,-9.57225e-05,-9.57225e-05,-8.071707e-05,-1.30715e-05,-1.30715e-05,-1.30715e-05,-1.30715e-05,-1.30715e-05,-4.707555e-08
9237,2,"(1096.88, 1356.84]",-3.467014e-06,-3.477614e-06,-3.588337e-06,-1.262641e-06,-3.39485e-06,-4.09728e-07,-4.09728e-07,-4.09728e-07,-4.09728e-07,-4.09728e-07,-4.09728e-07,-4.09728e-07,-4.09728e-07,-4.09728e-07,-4.09728e-07,-4.09728e-07,2.64917e-06,3.30333e-06,3.30333e-06,3.30333e-06,3.30333e-06,3.30333e-06,1.286909e-05,2.18897e-05,2.18897e-05,2.18897e-05,1.886362e-05,1.45301e-06,1.45301e-06,1.45301e-06,1.45301e-06,1.45301e-06,5.09607e-10,1.335672e-07,1.37635e-07,1.232e-07,4.6125e-10,1.01262e-07,0.0,0.0,0.0,0.0,0.0,0.0,0.0,0.0,0.0,0.0,0.0,8.559146e-08,6.82232e-07,6.82232e-07,6.82232e-07,6.82232e-07,6.82232e-07,1.073059e-06,1.07735e-06,1.07735e-06,1.07735e-06,7.993641e-07,0.0,0.0,0.0,0.0,0.0,0.0,-7.254653e-07,-6.920506e-07,-3.475618e-07,1.764041e-07,-2.57372e-08,1.68259e-07,1.68259e-07,1.68259e-07,1.68259e-07,1.68259e-07,1.68259e-07,1.68259e-07,1.68259e-07,1.68259e-07,1.68259e-07,1.68259e-07,-2.041289e-06,-7.32869e-06,-7.32869e-06,-7.32869e-06,-7.32869e-06,-7.32869e-06,-4.605899e-05,-9.57225e-05,-9.57225e-05,-9.57225e-05,-8.071707e-05,-1.30715e-05,-1.30715e-05,-1.30715e-05,-1.30715e-05,-1.30715e-05,-4.707555e-08
9237,2,"(1356.84, 2095.49]",-3.467014e-06,-3.477614e-06,-3.588337e-06,-1.262641e-06,-3.39485e-06,-4.09728e-07,-4.09728e-07,-4.09728e-07,-4.09728e-07,-4.09728e-07,-4.09728e-07,-4.09728e-07,-4.09728e-07,-4.09728e-07,-4.09728e-07,-4.09728e-07,2.64917e-06,3.30333e-06,3.30333e-06,3.30333e-06,3.30333e-06,3.30333e-06,1.286909e-05,2.18897e-05,2.18897e-05,2.18897e-05,1.886362e-05,1.45301e-06,1.45301e-06,1.45301e-06,1.45301e-06,1.45301e-06,5.09607e-10,1.335672e-07,1.37635e-07,1.232e-07,4.6125e-10,1.01262e-07,0.0,0.0,0.0,0.0,0.0,0.0,0.0,0.0,0.0,0.0,0.0,8.559146e-08,6.82232e-07,6.82232e-07,6.82232e-07,6.82232e-07,6.82232e-07,1.073059e-06,1.07735e-06,1.07735e-06,1.07735e-06,7.993641e-07,0.0,0.0,0.0,0.0,0.0,0.0,-7.254653e-07,-6.920506e-07,-3.475618e-07,1.764041e-07,-2.57372e-08,1.68259e-07,1.68259e-07,1.68259e-07,1.68259e-07,1.68259e-07,1.68259e-07,1.68259e-07,1.68259e-07,1.68259e-07,1.68259e-07,1.68259e-07,-2.041289e-06,-7.32869e-06,-7.32869e-06,-7.32869e-06,-7.32869e-06,-7.32869e-06,-4.605899e-05,-9.57225e-05,-9.57225e-05,-9.57225e-05,-8.071707e-05,-1.30715e-05,-1.30715e-05,-1.30715e-05,-1.30715e-05,-1.30715e-05,-4.707555e-08
9237,2,"(2095.49, 3206.45]",-2.984326e-06,-2.993761e-06,-3.088561e-06,-1.0818e-06,-2.920473e-06,-3.490592e-07,-3.490592e-07,-3.490592e-07,-3.490592e-07,-3.490592e-07,-3.490592e-07,-3.490592e-07,-3.490592e-07,-3.490592e-07,-3.490592e-07,-3.490592e-07,2.253478e-06,2.80548e-06,2.80548e-06,2.80548e-06,2.80548e-06,2.80548e-06,1.107005e-05,1.886362e-05,1.886362e-05,1.886362e-05,4.848434e-05,0.0002189079,0.0002189079,0.0002189079,0.0002189079,0.0002189079,3.61867e-05,1.137898e-07,1.172553e-07,1.049577e-07,3.92952e-10,8.626805e-08,0.0,0.0,0.0,0.0,0.0,0.0,0.0,0.0,0.0,0.0,0.0,7.291786e-08,5.812134e-07,5.812134e-07,5.812134e-07,5.812134e-07,5.812134e-07,9.141706e-07,9.178259e-07,9.178259e-07,9.178259e-07,6.731477e-05,0.0002582429,0.0002582429,0.0002582429,0.0002582429,0.0002582429,0.0001562916,-6.239228e-07,-5.955654e-07,-2.982553e-07,1.502838e-07,-2.192627e-08,1.433448e-07,1.433448e-07,1.433448e-07,1.433448e-07,1.433448e-07,1.433448e-07,1.433448e-07,1.433448e-07,1.433448e-07,1.433448e-07,1.433448e-07,-1.743893e-06,-6.243525e-06,-6.243525e-06,-6.243525e-06,-6.243525e-06,-6.243525e-06,-3.968334e-05,-8.256291e-05,-8.256291e-05,-8.256291e-05,-5.899213e-05,4.726669e-05,4.726669e-05,4.726669e-05,4.726669e-05,4.726669e-05,2.766779e-05
9237,2,"(3206.45, 3266.3]",-2.071664e-07,-2.098992e-07,-2.130847e-07,-4.133136e-08,-1.91134e-07,0.0,0.0,0.0,0.0,0.0,0.0,0.0,0.0,0.0,0.0,0.0,-2.314598e-08,-5.89129e-08,-5.89129e-08,-5.89129e-08,-5.89129e-08,-5.89129e-08,7.192214e-07,1.45301e-06,1.45301e-06,1.45301e-06,0.0002189079,0.00147004,0.00147004,0.00147004,0.00147004,0.00147004,0.0002443849,0.0,0.0,0.0,0.0,0.0,0.0,0.0,0.0,0.0,0.0,0.0,0.0,0.0,0.0,0.0,0.0,0.0,0.0,0.0,0.0,0.0,0.0,0.0,0.0,0.0,0.0,0.0004500129,0.00174405,0.00174405,0.00174405,0.00174405,0.00174405,0.001055519,-3.969575e-08,-4.043542e-08,-1.456877e-08,0.0,0.0,0.0,0.0,0.0,0.0,0.0,0.0,0.0,0.0,0.0,0.0,0.0,-3.281719e-08,0.0,0.0,0.0,0.0,0.0,-3.000888e-06,-6.8489e-06,-6.8489e-06,-6.8489e-06,6.600287e-05,0.000394424,0.000394424,0.000394424,0.000394424,0.000394424,0.000187126
9237,2,"(3266.3, 4556.53]",-2.071664e-07,-2.098992e-07,-2.130847e-07,-4.133136e-08,-1.91134e-07,0.0,0.0,0.0,0.0,0.0,0.0,0.0,0.0,0.0,0.0,0.0,-2.314598e-08,-5.89129e-08,-5.89129e-08,-5.89129e-08,-5.89129e-08,-5.89129e-08,7.192214e-07,1.45301e-06,1.45301e-06,1.45301e-06,0.0002189079,0.00147004,0.00147004,0.00147004,0.00147004,0.00147004,0.0002443849,0.0,0.0,0.0,0.0,0.0,0.0,0.0,0.0,0.0,0.0,0.0,0.0,0.0,0.0,0.0,0.0,0.0,0.0,0.0,0.0,0.0,0.0,0.0,0.0,0.0,0.0,0.0004500129,0.00174405,0.00174405,0.00174405,0.00174405,0.00174405,0.001055519,-3.969575e-08,-4.043542e-08,-1.456877e-08,0.0,0.0,0.0,0.0,0.0,0.0,0.0,0.0,0.0,0.0,0.0,0.0,0.0,-3.281719e-08,0.0,0.0,0.0,0.0,0.0,-3.000888e-06,-6.8489e-06,-6.8489e-06,-6.8489e-06,6.600287e-05,0.000394424,0.000394424,0.000394424,0.000394424,0.000394424,0.000187126
9237,2,"(4556.53, 5636.43]",-2.071664e-07,-2.098992e-07,-2.130847e-07,-4.133136e-08,-1.91134e-07,0.0,0.0,0.0,0.0,0.0,0.0,0.0,0.0,0.0,0.0,0.0,-2.314598e-08,-5.89129e-08,-5.89129e-08,-5.89129e-08,-5.89129e-08,-5.89129e-08,7.192214e-07,1.45301e-06,1.45301e-06,1.45301e-06,0.0002189079,0.00147004,0.00147004,0.00147004,0.00147004,0.00147004,0.0002443849,0.0,0.0,0.0,0.0,0.0,0.0,0.0,0.0,0.0,0.0,0.0,0.0,0.0,0.0,0.0,0.0,0.0,0.0,0.0,0.0,0.0,0.0,0.0,0.0,0.0,0.0,0.0004500129,0.00174405,0.00174405,0.00174405,0.00174405,0.00174405,0.001055519,-3.969575e-08,-4.043542e-08,-1.456877e-08,0.0,0.0,0.0,0.0,0.0,0.0,0.0,0.0,0.0,0.0,0.0,0.0,0.0,-3.281719e-08,0.0,0.0,0.0,0.0,0.0,-3.000888e-06,-6.8489e-06,-6.8489e-06,-6.8489e-06,6.600287e-05,0.000394424,0.000394424,0.000394424,0.000394424,0.000394424,0.000187126
9237,2,"(5636.43, 9286.92]",-2.071664e-07,-2.098992e-07,-2.130847e-07,-4.133136e-08,-1.91134e-07,0.0,0.0,0.0,0.0,0.0,0.0,0.0,0.0,0.0,0.0,0.0,-2.314598e-08,-5.89129e-08,-5.89129e-08,-5.89129e-08,-5.89129e-08,-5.89129e-08,7.192214e-07,1.45301e-06,1.45301e-06,1.45301e-06,0.0002189079,0.00147004,0.00147004,0.00147004,0.00147004,0.00147004,0.0002443849,0.0,0.0,0.0,0.0,0.0,0.0,0.0,0.0,0.0,0.0,0.0,0.0,0.0,0.0,0.0,0.0,0.0,0.0,0.0,0.0,0.0,0.0,0.0,0.0,0.0,0.0,0.0004500129,0.00174405,0.00174405,0.00174405,0.00174405,0.00174405,0.001055519,-3.969575e-08,-4.043542e-08,-1.456877e-08,0.0,0.0,0.0,0.0,0.0,0.0,0.0,0.0,0.0,0.0,0.0,0.0,0.0,-3.281719e-08,0.0,0.0,0.0,0.0,0.0,-3.000888e-06,-6.8489e-06,-6.8489e-06,-6.8489e-06,6.600287e-05,0.000394424,0.000394424,0.000394424,0.000394424,0.000394424,0.000187126
9237,2,"(9286.92, 15301.7]",-2.071664e-07,-2.098992e-07,-2.130847e-07,-4.133136e-08,-1.91134e-07,0.0,0.0,0.0,0.0,0.0,0.0,0.0,0.0,0.0,0.0,0.0,-2.314598e-08,-5.89129e-08,-5.89129e-08,-5.89129e-08,-5.89129e-08,-5.89129e-08,7.192214e-07,1.45301e-06,1.45301e-06,1.45301e-06,0.0002189079,0.00147004,0.00147004,0.00147004,0.00147004,0.00147004,0.0002443849,0.0,0.0,0.0,0.0,0.0,0.0,0.0,0.0,0.0,0.0,0.0,0.0,0.0,0.0,0.0,0.0,0.0,0.0,0.0,0.0,0.0,0.0,0.0,0.0,0.0,0.0,0.0004500129,0.00174405,0.00174405,0.00174405,0.00174405,0.00174405,0.001055519,-3.969575e-08,-4.043542e-08,-1.456877e-08,0.0,0.0,0.0,0.0,0.0,0.0,0.0,0.0,0.0,0.0,0.0,0.0,0.0,-3.281719e-08,0.0,0.0,0.0,0.0,0.0,-3.000888e-06,-6.8489e-06,-6.8489e-06,-6.8489e-06,6.600287e-05,0.000394424,0.000394424,0.000394424,0.000394424,0.000394424,0.000187126
9237,2,"(15301.7, 20000000.0]",-7.26584e-11,-7.36168e-11,-7.47341e-11,-1.44959e-11,-6.70354e-11,0.0,0.0,0.0,0.0,0.0,0.0,0.0,0.0,0.0,0.0,0.0,-8.11787e-12,-2.06622e-11,-2.06622e-11,-2.06622e-11,-2.06622e-11,-2.06622e-11,2.52249e-10,5.09607e-10,5.09607e-10,5.09607e-10,3.61867e-05,0.0002443849,0.0002443849,0.0002443849,0.0002443849,0.0002443849,5.249816e-05,0.0,0.0,0.0,0.0,0.0,0.0,0.0,0.0,0.0,0.0,0.0,0.0,0.0,0.0,0.0,0.0,0.0,0.0,0.0,0.0,0.0,0.0,0.0,0.0,0.0,0.0,4.133434e-05,0.0001601935,0.0001601935,0.0001601935,0.0001601935,0.0001601935,0.0001622559,-1.39223e-11,-1.41817e-11,-5.10963e-12,0.0,0.0,0.0,0.0,0.0,0.0,0.0,0.0,0.0,0.0,0.0,0.0,0.0,-1.15098e-11,0.0,0.0,0.0,0.0,0.0,-1.052486e-09,-2.402079e-09,-2.402079e-09,-2.402079e-09,4.029344e-07,2.230221e-06,2.230221e-06,2.230221e-06,2.230221e-06,2.230221e-06,0.0001592232
9237,18,"(1e-05, 0.1]",-5.141779e-07,-5.209605e-07,-5.402487e-07,-4.705507e-07,-6.325138e-07,-3.968397e-07,-3.968397e-07,-3.968397e-07,-3.968397e-07,-3.968397e-07,-3.968397e-07,-3.968397e-07,-3.968397e-07,-3.968397e-07,-3.968397e-07,-3.968397e-07,3.457919e-06,0.0,0.0,0.0,0.0,0.0,6.87424e-08,1.335672e-07,1.335672e-07,1.335672e-07,1.137898e-07,0.0,0.0,0.0,0.0,0.0,0.0,0.009055597,0.009330285,0.01232982,0.02629766,0.01967335,0.0264188,0.0264188,0.0264188,0.0264188,0.0264188,0.0264188,0.0264188,0.0264188,0.0264188,0.0264188,0.0264188,0.01859571,0.006562085,0.006562085,0.006562085,0.006562085,0.006562085,0.008880523,0.008905975,0.008905975,0.008905975,0.006607988,0.0,0.0,0.0,0.0,0.0,0.0,-9.852308e-08,-1.003589e-07,-1.135244e-07,-1.43942e-07,-1.308699e-07,-1.425957e-07,-1.425957e-07,-1.425957e-07,-1.425957e-07,-1.425957e-07,-1.425957e-07,-1.425957e-07,-1.425957e-07,-1.425957e-07,-1.425957e-07,-1.425957e-07,1.223534e-07,0.0,0.0,0.0,0.0,0.0,0.0,0.0,0.0,0.0,0.0,0.0,0.0,0.0,0.0,0.0,0.0
9237,18,"(0.1, 0.54]",-5.298371e-07,-5.321496e-07,-5.482492e-07,-4.848812e-07,-6.517768e-07,-4.089253e-07,-4.089253e-07,-4.089253e-07,-4.089253e-07,-4.089253e-07,-4.089253e-07,-4.089253e-07,-4.089253e-07,-4.089253e-07,-4.089253e-07,-4.089253e-07,3.56323e-06,0.0,0.0,0.0,0.0,0.0,7.083595e-08,1.37635e-07,1.37635e-07,1.37635e-07,1.172553e-07,0.0,0.0,0.0,0.0,0.0,0.0,0.009330285,0.009615071,0.0127299,0.02724929,0.02035829,0.02737516,0.02737516,0.02737516,0.02737516,0.02737516,0.02737516,0.02737516,0.02737516,0.02737516,0.02737516,0.02737516,0.01923213,0.006527433,0.006527433,0.006527433,0.006527433,0.006527433,0.00883178,0.008857078,0.008857078,0.008857078,0.006571708,0.0,0.0,0.0,0.0,0.0,0.0,-1.015236e-07,-1.034153e-07,-1.169819e-07,-1.483257e-07,-1.348552e-07,-1.469384e-07,-1.469384e-07,-1.469384e-07,-1.469384e-07,-1.469384e-07,-1.469384e-07,-1.469384e-07,-1.469384e-07,-1.469384e-07,-1.469384e-07,-1.469384e-07,1.260797e-07,0.0,0.0,0.0,0.0,0.0,0.0,0.0,0.0,0.0,0.0,0.0,0.0,0.0,0.0,0.0,0.0
9237,18,"(0.54, 4.0]",-4.928398e-07,-4.894117e-07,-5.152991e-07,-8.214437e-07,-6.328914e-07,-5.476368e-07,-5.476368e-07,-5.476368e-07,-5.476368e-07,-5.476368e-07,-5.476368e-07,-5.476368e-07,-5.476368e-07,-5.476368e-07,-5.476368e-07,-5.476368e-07,3.324934e-06,0.0,0.0,0.0,0.0,0.0,6.340679e-08,1.232e-07,1.232e-07,1.232e-07,1.049577e-07,0.0,0.0,0.0,0.0,0.0,0.0,0.01232982,0.0127299,0.01714415,0.03792457,0.02799591,0.03810467,0.03810467,0.03810467,0.03810467,0.03810467,0.03810467,0.03810467,0.03810467,0.03810467,0.03810467,0.03810467,0.02628861,0.005737231,0.005737231,0.005737231,0.005737231,0.005737231,0.007755155,0.007777308,0.007777308,0.007777308,0.005770549,0.0,0.0,0.0,0.0,0.0,0.0,-1.359613e-07,-1.384949e-07,-1.378878e-07,-3.903002e-07,-1.805997e-07,-1.967816e-07,-1.967816e-07,-1.967816e-07,-1.967816e-07,-1.967816e-07,-1.967816e-07,-1.967816e-07,-1.967816e-07,-1.967816e-07,-1.967816e-07,-1.967816e-07,9.501169e-08,0.0,0.0,0.0,0.0,0.0,0.0,0.0,0.0,0.0,0.0,0.0,0.0,0.0,0.0,0.0,0.0
9237,18,"(4.0, 8.31529]",-1.484303e-07,-1.503724e-07,-2.232097e-07,5.507302e-06,3.167831e-07,-4.111247e-09,-4.111247e-09,-4.111247e-09,-4.111247e-09,-4.111247e-09,-4.111247e-09,-4.111247e-09,-4.111247e-09,-4.111247e-09,-4.111247e-09,-4.111247e-09,3.839623e-08,0.0,0.0,0.0,0.0,0.0,2.37389e-10,4.6125e-10,4.6125e-10,4.6125e-10,3.92952e-10,0.0,0.0,0.0,0.0,0.0,0.0,0.02629766,0.02724929,0.03792457,0.08899501,0.06432616,0.08942835,0.08942835,0.08942835,0.08942835,0.08942835,0.08942835,0.08942835,0.08942835,0.08942835,0.08942835,0.08942835,0.05960789,6.677485e-05,6.677485e-05,6.677485e-05,6.677485e-05,6.677485e-05,8.787062e-05,8.810222e-05,8.810222e-05,8.810222e-05,6.536942e-05,0.0,0.0,0.0,0.0,0.0,0.0,-3.053606e-07,-3.110507e-07,-4.758506e-07,2.636119e-06,-8.098757e-07,-4.419588e-07,-4.419588e-07,-4.419588e-07,-4.419588e-07,-4.419588e-07,-4.419588e-07,-4.419588e-07,-4.419588e-07,-4.419588e-07,-4.419588e-07,-4.419588e-07,-1.249161e-07,0.0,0.0,0.0,0.0,0.0,0.0,0.0,0.0,0.0,0.0,0.0,0.0,0.0,0.0,0.0,0.0
9237,18,"(8.31529, 10.0]",-4.252524e-07,-3.963818e-07,-3.678888e-07,-1.3197e-06,-5.99411e-07,-9.02571e-07,-9.02571e-07,-9.02571e-07,-9.02571e-07,-9.02571e-07,-9.02571e-07,-9.02571e-07,-9.02571e-07,-9.02571e-07,-9.02571e-07,-9.02571e-07,2.804699e-06,0.0,0.0,0.0,0.0,0.0,5.211604e-08,1.01262e-07,1.01262e-07,1.01262e-07,8.626805e-08,0.0,0.0,0.0,0.0,0.0,0.0,0.01967335,0.02035829,0.02799591,0.06432616,0.0468435,0.0646408,0.0646408,0.0646408,0.0646408,0.0646408,0.0646408,0.0646408,0.0646408,0.0646408,0.0646408,0.0646408,0.04368251,0.00340397,0.00340397,0.00340397,0.00340397,0.00340397,0.004577744,0.00459063,0.00459063,0.00459063,0.003406121,0.0,0.0,0.0,0.0,0.0,0.0,-2.240805e-07,-2.28256e-07,-2.581998e-07,-6.530557e-07,-2.9765e-07,-3.24319e-07,-3.24319e-07,-3.24319e-07,-3.24319e-07,-3.24319e-07,-3.24319e-07,-3.24319e-07,-3.24319e-07,-3.24319e-07,-3.24319e-07,-3.24319e-07,-9.22228e-08,0.0,0.0,0.0,0.0,0.0,0.0,0.0,0.0,0.0,0.0,0.0,0.0,0.0,0.0,0.0,0.0
9237,18,"(10.0, 10.7678]",0.0,0.0,0.0,-1.126e-06,-1.6606e-07,2.50047e-06,2.50047e-06,2.50047e-06,2.50047e-06,2.50047e-06,2.50047e-06,2.50047e-06,2.50047e-06,2.50047e-06,2.50047e-06,2.50047e-06,2.402466e-07,0.0,0.0,0.0,0.0,0.0,0.0,0.0,0.0,0.0,0.0,0.0,0.0,0.0,0.0,0.0,0.0,0.0264188,0.02737516,0.03810467,0.08942835,0.0646408,0.0898817,0.0898817,0.0898817,0.0898817,0.0898817,0.0898817,0.0898817,0.0898817,0.0898817,0.0898817,0.0898817,0.05990047,1.24905e-05,1.24905e-05,1.24905e-05,1.24905e-05,1.24905e-05,1.531024e-05,1.53412e-05,1.53412e-05,1.53412e-05,1.138275e-05,0.0,0.0,0.0,0.0,0.0,0.0,-6.207905e-07,-6.323582e-07,-7.15314e-07,-9.051015e-07,-8.24607e-07,-8.98491e-07,-8.98491e-07,-8.98491e-07,-8.98491e-07,-8.98491e-07,-8.98491e-07,-8.98491e-07,-8.98491e-07,-8.98491e-07,-8.98491e-07,-8.98491e-07,-2.554934e-07,0.0,0.0,0.0,0.0,0.0,0.0,0.0,0.0,0.0,0.0,0.0,0.0,0.0,0.0,0.0,0.0
9237,18,"(10.7678, 11.4879]",0.0,0.0,0.0,-1.126e-06,-1.6606e-07,2.50047e-06,2.50047e-06,2.50047e-06,2.50047e-06,2.50047e-06,2.50047e-06,2.50047e-06,2.50047e-06,2.50047e-06,2.50047e-06,2.50047e-06,2.402466e-07,0.0,0.0,0.0,0.0,0.0,0.0,0.0,0.0,0.0,0.0,0.0,0.0,0.0,0.0,0.0,0.0,0.0264188,0.02737516,0.03810467,0.08942835,0.0646408,0.0898817,0.0898817,0.0898817,0.0898817,0.0898817,0.0898817,0.0898817,0.0898817,0.0898817,0.0898817,0.0898817,0.05990047,1.24905e-05,1.24905e-05,1.24905e-05,1.24905e-05,1.24905e-05,1.531024e-05,1.53412e-05,1.53412e-05,1.53412e-05,1.138275e-05,0.0,0.0,0.0,0.0,0.0,0.0,-6.207905e-07,-6.323582e-07,-7.15314e-07,-9.051015e-07,-8.24607e-07,-8.98491e-07,-8.98491e-07,-8.98491e-07,-8.98491e-07,-8.98491e-07,-8.98491e-07,-8.98491e-07,-8.98491e-07,-8.98491e-07,-8.98491e-07,-8.98491e-07,-2.554934e-07,0.0,0.0,0.0,0.0,0.0,0.0,0.0,0.0,0.0,0.0,0.0,0.0,0.0,0.0,0.0,0.0
9237,18,"(11.4879, 12.37]",0.0,0.0,0.0,-1.126e-06,-1.6606e-07,2.50047e-06,2.50047e-06,2.50047e-06,2.50047e-06,2.50047e-06,2.50047e-06,2.50047e-06,2.50047e-06,2.50047e-06,2.50047e-06,2.50047e-06,2.402466e-07,0.0,0.0,0.0,0.0,0.0,0.0,0.0,0.0,0.0,0.0,0.0,0.0,0.0,0.0,0.0,0.0,0.0264188,0.02737516,0.03810467,0.08942835,0.0646408,0.0898817,0.0898817,0.0898817,0.0898817,0.0898817,0.0898817,0.0898817,0.0898817,0.0898817,0.0898817,0.0898817,0.05990047,1.24905e-05,1.24905e-05,1.24905e-05,1.24905e-05,1.24905e-05,1.531024e-05,1.53412e-05,1.53412e-05,1.53412e-05,1.138275e-05,0.0,0.0,0.0,0.0,0.0,0.0,-6.207905e-07,-6.323582e-07,-7.15314e-07,-9.051015e-07,-8.24607e-07,-8.98491e-07,-8.98491e-07,-8.98491e-07,-8.98491e-07,-8.98491e-07,-8.98491e-07,-8.98491e-07,-8.98491e-07,-8.98491e-07,-8.98491e-07,-8.98491e-07,-2.554934e-07,0.0,0.0,0.0,0.0,0.0,0.0,0.0,0.0,0.0,0.0,0.0,0.0,0.0,0.0,0.0,0.0
9237,18,"(12.37, 13.3198]",0.0,0.0,0.0,-1.126e-06,-1.6606e-07,2.50047e-06,2.50047e-06,2.50047e-06,2.50047e-06,2.50047e-06,2.50047e-06,2.50047e-06,2.50047e-06,2.50047e-06,2.50047e-06,2.50047e-06,2.402466e-07,0.0,0.0,0.0,0.0,0.0,0.0,0.0,0.0,0.0,0.0,0.0,0.0,0.0,0.0,0.0,0.0,0.0264188,0.02737516,0.03810467,0.08942835,0.0646408,0.0898817,0.0898817,0.0898817,0.0898817,0.0898817,0.0898817,0.0898817,0.0898817,0.0898817,0.0898817,0.0898817,0.05990047,1.24905e-05,1.24905e-05,1.24905e-05,1.24905e-05,1.24905e-05,1.531024e-05,1.53412e-05,1.53412e-05,1.53412e-05,1.138275e-05,0.0,0.0,0.0,0.0,0.0,0.0,-6.207905e-07,-6.323582e-07,-7.15314e-07,-9.051015e-07,-8.24607e-07,-8.98491e-07,-8.98491e-07,-8.98491e-07,-8.98491e-07,-8.98491e-07,-8.98491e-07,-8.98491e-07,-8.98491e-07,-8.98491e-07,-8.98491e-07,-8.98491e-07,-2.554934e-07,0.0,0.0,0.0,0.0,0.0,0.0,0.0,0.0,0.0,0.0,0.0,0.0,0.0,0.0,0.0,0.0
9237,18,"(13.3198, 13.6945]",0.0,0.0,0.0,-1.126e-06,-1.6606e-07,2.50047e-06,2.50047e-06,2.50047e-06,2.50047e-06,2.50047e-06,2.50047e-06,2.50047e-06,2.50047e-06,2.50047e-06,2.50047e-06,2.50047e-06,2.402466e-07,0.0,0.0,0.0,0.0,0.0,0.0,0.0,0.0,0.0,0.0,0.0,0.0,0.0,0.0,0.0,0.0,0.0264188,0.02737516,0.03810467,0.08942835,0.0646408,0.0898817,0.0898817,0.0898817,0.0898817,0.0898817,0.0898817,0.0898817,0.0898817,0.0898817,0.0898817,0.0898817,0.05990047,1.24905e-05,1.24905e-05,1.24905e-05,1.24905e-05,1.24905e-05,1.531024e-05,1.53412e-05,1.53412e-05,1.53412e-05,1.138275e-05,0.0,0.0,0.0,0.0,0.0,0.0,-6.207905e-07,-6.323582e-07,-7.15314e-07,-9.051015e-07,-8.24607e-07,-8.98491e-07,-8.98491e-07,-8.98491e-07,-8.98491e-07,-8.98491e-07,-8.98491e-07,-8.98491e-07,-8.98491e-07,-8.98491e-07,-8.98491e-07,-8.98491e-07,-2.554934e-07,0.0,0.0,0.0,0.0,0.0,0.0,0.0,0.0,0.0,0.0,0.0,0.0,0.0,0.0,0.0,0.0
9237,18,"(13.6945, 14.3426]",0.0,0.0,0.0,-1.126e-06,-1.6606e-07,2.50047e-06,2.50047e-06,2.50047e-06,2.50047e-06,2.50047e-06,2.50047e-06,2.50047e-06,2.50047e-06,2.50047e-06,2.50047e-06,2.50047e-06,2.402466e-07,0.0,0.0,0.0,0.0,0.0,0.0,0.0,0.0,0.0,0.0,0.0,0.0,0.0,0.0,0.0,0.0,0.0264188,0.02737516,0.03810467,0.08942835,0.0646408,0.0898817,0.0898817,0.0898817,0.0898817,0.0898817,0.0898817,0.0898817,0.0898817,0.0898817,0.0898817,0.0898817,0.05990047,1.24905e-05,1.24905e-05,1.24905e-05,1.24905e-05,1.24905e-05,1.531024e-05,1.53412e-05,1.53412e-05,1.53412e-05,1.138275e-05,0.0,0.0,0.0,0.0,0.0,0.0,-6.207905e-07,-6.323582e-07,-7.15314e-07,-9.051015e-07,-8.24607e-07,-8.98491e-07,-8.98491e-07,-8.98491e-07,-8.98491e-07,-8.98491e-07,-8.98491e-07,-8.98491e-07,-8.98491e-07,-8.98491e-07,-8.98491e-07,-8.98491e-07,-2.554934e-07,0.0,0.0,0.0,0.0,0.0,0.0,0.0,0.0,0.0,0.0,0.0,0.0,0.0,0.0,0.0,0.0
9237,18,"(14.3426, 15.3017]",0.0,0.0,0.0,-1.126e-06,-1.6606e-07,2.50047e-06,2.50047e-06,2.50047e-06,2.50047e-06,2.50047e-06,2.50047e-06,2.50047e-06,2.50047e-06,2.50047e-06,2.50047e-06,2.50047e-06,2.402466e-07,0.0,0.0,0.0,0.0,0.0,0.0,0.0,0.0,0.0,0.0,0.0,0.0,0.0,0.0,0.0,0.0,0.0264188,0.02737516,0.03810467,0.08942835,0.0646408,0.0898817,0.0898817,0.0898817,0.0898817,0.0898817,0.0898817,0.0898817,0.0898817,0.0898817,0.0898817,0.0898817,0.05990047,1.24905e-05,1.24905e-05,1.24905e-05,1.24905e-05,1.24905e-05,1.531024e-05,1.53412e-05,1.53412e-05,1.53412e-05,1.138275e-05,0.0,0.0,0.0,0.0,0.0,0.0,-6.207905e-07,-6.323582e-07,-7.15314e-07,-9.051015e-07,-8.24607e-07,-8.98491e-07,-8.98491e-07,-8.98491e-07,-8.98491e-07,-8.98491e-07,-8.98491e-07,-8.98491e-07,-8.98491e-07,-8.98491e-07,-8.98491e-07,-8.98491e-07,-2.554934e-07,0.0,0.0,0.0,0.0,0.0,0.0,0.0,0.0,0.0,0.0,0.0,0.0,0.0,0.0,0.0,0.0
9237,18,"(15.3017, 16.4766]",0.0,0.0,0.0,-1.126e-06,-1.6606e-07,2.50047e-06,2.50047e-06,2.50047e-06,2.50047e-06,2.50047e-06,2.50047e-06,2.50047e-06,2.50047e-06,2.50047e-06,2.50047e-06,2.50047e-06,2.402466e-07,0.0,0.0,0.0,0.0,0.0,0.0,0.0,0.0,0.0,0.0,0.0,0.0,0.0,0.0,0.0,0.0,0.0264188,0.02737516,0.03810467,0.08942835,0.0646408,0.0898817,0.0898817,0.0898817,0.0898817,0.0898817,0.0898817,0.0898817,0.0898817,0.0898817,0.0898817,0.0898817,0.05990047,1.24905e-05,1.24905e-05,1.24905e-05,1.24905e-05,1.24905e-05,1.531024e-05,1.53412e-05,1.53412e-05,1.53412e-05,1.138275e-05,0.0,0.0,0.0,0.0,0.0,0.0,-6.207905e-07,-6.323582e-07,-7.15314e-07,-9.051015e-07,-8.24607e-07,-8.98491e-07,-8.98491e-07,-8.98491e-07,-8.98491e-07,-8.98491e-07,-8.98491e-07,-8.98491e-07,-8.98491e-07,-8.98491e-07,-8.98491e-07,-8.98491e-07,-2.554934e-07,0.0,0.0,0.0,0.0,0.0,0.0,0.0,0.0,0.0,0.0,0.0,0.0,0.0,0.0,0.0,0.0
9237,18,"(16.4766, 17.7417]",0.0,0.0,0.0,-1.126e-06,-1.6606e-07,2.50047e-06,2.50047e-06,2.50047e-06,2.50047e-06,2.50047e-06,2.50047e-06,2.50047e-06,2.50047e-06,2.50047e-06,2.50047e-06,2.50047e-06,2.402466e-07,0.0,0.0,0.0,0.0,0.0,0.0,0.0,0.0,0.0,0.0,0.0,0.0,0.0,0.0,0.0,0.0,0.0264188,0.02737516,0.03810467,0.08942835,0.0646408,0.0898817,0.0898817,0.0898817,0.0898817,0.0898817,0.0898817,0.0898817,0.0898817,0.0898817,0.0898817,0.0898817,0.05990047,1.24905e-05,1.24905e-05,1.24905e-05,1.24905e-05,1.24905e-05,1.531024e-05,1.53412e-05,1.53412e-05,1.53412e-05,1.138275e-05,0.0,0.0,0.0,0.0,0.0,0.0,-6.207905e-07,-6.323582e-07,-7.15314e-07,-9.051015e-07,-8.24607e-07,-8.98491e-07,-8.98491e-07,-8.98491e-07,-8.98491e-07,-8.98491e-07,-8.98491e-07,-8.98491e-07,-8.98491e-07,-8.98491e-07,-8.98491e-07,-8.98491e-07,-2.554934e-07,0.0,0.0,0.0,0.0,0.0,0.0,0.0,0.0,0.0,0.0,0.0,0.0,0.0,0.0,0.0,0.0
9237,18,"(17.7417, 18.9282]",0.0,0.0,0.0,-1.126e-06,-1.6606e-07,2.50047e-06,2.50047e-06,2.50047e-06,2.50047e-06,2.50047e-06,2.50047e-06,2.50047e-06,2.50047e-06,2.50047e-06,2.50047e-06,2.50047e-06,2.402466e-07,0.0,0.0,0.0,0.0,0.0,0.0,0.0,0.0,0.0,0.0,0.0,0.0,0.0,0.0,0.0,0.0,0.0264188,0.02737516,0.03810467,0.08942835,0.0646408,0.0898817,0.0898817,0.0898817,0.0898817,0.0898817,0.0898817,0.0898817,0.0898817,0.0898817,0.0898817,0.0898817,0.05990047,1.24905e-05,1.24905e-05,1.24905e-05,1.24905e-05,1.24905e-05,1.531024e-05,1.53412e-05,1.53412e-05,1.53412e-05,1.138275e-05,0.0,0.0,0.0,0.0,0.0,0.0,-6.207905e-07,-6.323582e-07,-7.15314e-07,-9.051015e-07,-8.24607e-07,-8.98491e-07,-8.98491e-07,-8.98491e-07,-8.98491e-07,-8.98491e-07,-8.98491e-07,-8.98491e-07,-8.98491e-07,-8.98491e-07,-8.98491e-07,-8.98491e-07,-2.554934e-07,0.0,0.0,0.0,0.0,0.0,0.0,0.0,0.0,0.0,0.0,0.0,0.0,0.0,0.0,0.0,0.0
9237,18,"(18.9282, 20.3815]",0.0,0.0,0.0,-1.126e-06,-1.6606e-07,2.50047e-06,2.50047e-06,2.50047e-06,2.50047e-06,2.50047e-06,2.50047e-06,2.50047e-06,2.50047e-06,2.50047e-06,2.50047e-06,2.50047e-06,2.402466e-07,0.0,0.0,0.0,0.0,0.0,0.0,0.0,0.0,0.0,0.0,0.0,0.0,0.0,0.0,0.0,0.0,0.0264188,0.02737516,0.03810467,0.08942835,0.0646408,0.0898817,0.0898817,0.0898817,0.0898817,0.0898817,0.0898817,0.0898817,0.0898817,0.0898817,0.0898817,0.0898817,0.05990047,1.24905e-05,1.24905e-05,1.24905e-05,1.24905e-05,1.24905e-05,1.531024e-05,1.53412e-05,1.53412e-05,1.53412e-05,1.138275e-05,0.0,0.0,0.0,0.0,0.0,0.0,-6.207905e-07,-6.323582e-07,-7.15314e-07,-9.051015e-07,-8.24607e-07,-8.98491e-07,-8.98491e-07,-8.98491e-07,-8.98491e-07,-8.98491e-07,-8.98491e-07,-8.98491e-07,-8.98491e-07,-8.98491e-07,-8.98491e-07,-8.98491e-07,-2.554934e-07,0.0,0.0,0.0,0.0,0.0,0.0,0.0,0.0,0.0,0.0,0.0,0.0,0.0,0.0,0.0,0.0
9237,18,"(20.3815, 121.433]",-2.317105e-06,-2.34767e-06,-2.503231e-06,-1.808805e-06,-2.801598e-06,1.570219e-07,1.570219e-07,1.570219e-07,1.570219e-07,1.570219e-07,1.570219e-07,1.570219e-07,1.570219e-07,1.570219e-07,1.570219e-07,1.570219e-07,1.913384e-05,1.82059e-07,1.82059e-07,1.82059e-07,1.82059e-07,1.82059e-07,1.324105e-07,8.559146e-08,8.559146e-08,8.559146e-08,7.291786e-08,0.0,0.0,0.0,0.0,0.0,0.0,0.01859571,0.01923213,0.02628861,0.05960789,0.04368251,0.05990047,0.05990047,0.05990047,0.05990047,0.05990047,0.05990047,0.05990047,0.05990047,0.05990047,0.05990047,0.05990047,0.04670285,0.002726719,0.002726719,0.002726719,0.002726719,0.002726719,0.002733558,0.002733633,0.002733633,0.002733633,0.002028281,0.0,0.0,0.0,0.0,0.0,0.0,-1.277031e-06,-1.239446e-06,-9.998352e-07,-4.7437e-07,-6.842905e-07,-4.699307e-07,-4.699307e-07,-4.699307e-07,-4.699307e-07,-4.699307e-07,-4.699307e-07,-4.699307e-07,-4.699307e-07,-4.699307e-07,-4.699307e-07,-4.699307e-07,-2.344202e-06,-2.636493e-08,-2.636493e-08,-2.636493e-08,-2.636493e-08,-2.636493e-08,-2.663862e-08,-2.698957e-08,-2.698957e-08,-2.698957e-08,-2.208957e-08,0.0,0.0,0.0,0.0,0.0,0.0
9237,18,"(121.433, 129.554]",-2.046475e-07,-2.073471e-07,-2.360557e-07,-4.021691e-08,-2.30767e-07,0.0,0.0,0.0,0.0,0.0,0.0,0.0,0.0,0.0,0.0,0.0,-1.886327e-07,-4.80122e-07,-4.80122e-07,-4.80122e-07,-4.80122e-07,-4.80122e-07,1.181013e-07,6.82232e-07,6.82232e-07,6.82232e-07,5.812134e-07,0.0,0.0,0.0,0.0,0.0,0.0,0.006562085,0.006527433,0.005737231,6.677485e-05,0.00340397,1.24905e-05,1.24905e-05,1.24905e-05,1.24905e-05,1.24905e-05,1.24905e-05,1.24905e-05,1.24905e-05,1.24905e-05,1.24905e-05,1.24905e-05,0.002726719,0.0433939,0.0433939,0.0433939,0.0433939,0.0433939,0.04346868,0.0434695,0.0434695,0.0434695,0.03225317,0.0,0.0,0.0,0.0,0.0,0.0,0.0,0.0,0.0,0.0,0.0,0.0,0.0,0.0,0.0,0.0,0.0,0.0,0.0,0.0,0.0,0.0,-9.73921e-08,-4.22672e-07,-4.22672e-07,-4.22672e-07,-4.22672e-07,-4.22672e-07,-4.270597e-07,-4.32686e-07,-4.32686e-07,-4.32686e-07,-3.541311e-07,0.0,0.0,0.0,0.0,0.0,0.0
9237,18,"(129.554, 139.501]",-2.046475e-07,-2.073471e-07,-2.360557e-07,-4.021691e-08,-2.30767e-07,0.0,0.0,0.0,0.0,0.0,0.0,0.0,0.0,0.0,0.0,0.0,-1.886327e-07,-4.80122e-07,-4.80122e-07,-4.80122e-07,-4.80122e-07,-4.80122e-07,1.181013e-07,6.82232e-07,6.82232e-07,6.82232e-07,5.812134e-07,0.0,0.0,0.0,0.0,0.0,0.0,0.006562085,0.006527433,0.005737231,6.677485e-05,0.00340397,1.24905e-05,1.24905e-05,1.24905e-05,1.24905e-05,1.24905e-05,1.24905e-05,1.24905e-05,1.24905e-05,1.24905e-05,1.24905e-05,1.24905e-05,0.002726719,0.0433939,0.0433939,0.0433939,0.0433939,0.0433939,0.04346868,0.0434695,0.0434695,0.0434695,0.03225317,0.0,0.0,0.0,0.0,0.0,0.0,0.0,0.0,0.0,0.0,0.0,0.0,0.0,0.0,0.0,0.0,0.0,0.0,0.0,0.0,0.0,0.0,-9.73921e-08,-4.22672e-07,-4.22672e-07,-4.22672e-07,-4.22672e-07,-4.22672e-07,-4.270597e-07,-4.32686e-07,-4.32686e-07,-4.32686e-07,-3.541311e-07,0.0,0.0,0.0,0.0,0.0,0.0
9237,18,"(139.501, 160.258]",-2.046475e-07,-2.073471e-07,-2.360557e-07,-4.021691e-08,-2.30767e-07,0.0,0.0,0.0,0.0,0.0,0.0,0.0,0.0,0.0,0.0,0.0,-1.886327e-07,-4.80122e-07,-4.80122e-07,-4.80122e-07,-4.80122e-07,-4.80122e-07,1.181013e-07,6.82232e-07,6.82232e-07,6.82232e-07,5.812134e-07,0.0,0.0,0.0,0.0,0.0,0.0,0.006562085,0.006527433,0.005737231,6.677485e-05,0.00340397,1.24905e-05,1.24905e-05,1.24905e-05,1.24905e-05,1.24905e-05,1.24905e-05,1.24905e-05,1.24905e-05,1.24905e-05,1.24905e-05,1.24905e-05,0.002726719,0.0433939,0.0433939,0.0433939,0.0433939,0.0433939,0.04346868,0.0434695,0.0434695,0.0434695,0.03225317,0.0,0.0,0.0,0.0,0.0,0.0,0.0,0.0,0.0,0.0,0.0,0.0,0.0,0.0,0.0,0.0,0.0,0.0,0.0,0.0,0.0,0.0,-9.73921e-08,-4.22672e-07,-4.22672e-07,-4.22672e-07,-4.22672e-07,-4.22672e-07,-4.270597e-07,-4.32686e-07,-4.32686e-07,-4.32686e-07,-3.541311e-07,0.0,0.0,0.0,0.0,0.0,0.0
9237,18,"(160.258, 185.813]",-2.046475e-07,-2.073471e-07,-2.360557e-07,-4.021691e-08,-2.30767e-07,0.0,0.0,0.0,0.0,0.0,0.0,0.0,0.0,0.0,0.0,0.0,-1.886327e-07,-4.80122e-07,-4.80122e-07,-4.80122e-07,-4.80122e-07,-4.80122e-07,1.181013e-07,6.82232e-07,6.82232e-07,6.82232e-07,5.812134e-07,0.0,0.0,0.0,0.0,0.0,0.0,0.006562085,0.006527433,0.005737231,6.677485e-05,0.00340397,1.24905e-05,1.24905e-05,1.24905e-05,1.24905e-05,1.24905e-05,1.24905e-05,1.24905e-05,1.24905e-05,1.24905e-05,1.24905e-05,1.24905e-05,0.002726719,0.0433939,0.0433939,0.0433939,0.0433939,0.0433939,0.04346868,0.0434695,0.0434695,0.0434695,0.03225317,0.0,0.0,0.0,0.0,0.0,0.0,0.0,0.0,0.0,0.0,0.0,0.0,0.0,0.0,0.0,0.0,0.0,0.0,0.0,0.0,0.0,0.0,-9.73921e-08,-4.22672e-07,-4.22672e-07,-4.22672e-07,-4.22672e-07,-4.22672e-07,-4.270597e-07,-4.32686e-07,-4.32686e-07,-4.32686e-07,-3.541311e-07,0.0,0.0,0.0,0.0,0.0,0.0
9237,18,"(185.813, 229.851]",-2.046475e-07,-2.073471e-07,-2.360557e-07,-4.021691e-08,-2.30767e-07,0.0,0.0,0.0,0.0,0.0,0.0,0.0,0.0,0.0,0.0,0.0,-1.886327e-07,-4.80122e-07,-4.80122e-07,-4.80122e-07,-4.80122e-07,-4.80122e-07,1.181013e-07,6.82232e-07,6.82232e-07,6.82232e-07,5.812134e-07,0.0,0.0,0.0,0.0,0.0,0.0,0.006562085,0.006527433,0.005737231,6.677485e-05,0.00340397,1.24905e-05,1.24905e-05,1.24905e-05,1.24905e-05,1.24905e-05,1.24905e-05,1.24905e-05,1.24905e-05,1.24905e-05,1.24905e-05,1.24905e-05,0.002726719,0.0433939,0.0433939,0.0433939,0.0433939,0.0433939,0.04346868,0.0434695,0.0434695,0.0434695,0.03225317,0.0,0.0,0.0,0.0,0.0,0.0,0.0,0.0,0.0,0.0,0.0,0.0,0.0,0.0,0.0,0.0,0.0,0.0,0.0,0.0,0.0,0.0,-9.73921e-08,-4.22672e-07,-4.22672e-07,-4.22672e-07,-4.22672e-07,-4.22672e-07,-4.270597e-07,-4.32686e-07,-4.32686e-07,-4.32686e-07,-3.541311e-07,0.0,0.0,0.0,0.0,0.0,0.0
9237,18,"(229.851, 886.73]",-3.751589e-07,-3.801073e-07,-3.876318e-07,-7.04751e-08,-2.828631e-07,0.0,0.0,0.0,0.0,0.0,0.0,0.0,0.0,0.0,0.0,0.0,-7.843756e-08,-1.996452e-07,-1.996452e-07,-1.996452e-07,-1.996452e-07,-1.996452e-07,4.553718e-07,1.073059e-06,1.073059e-06,1.073059e-06,9.141706e-07,0.0,0.0,0.0,0.0,0.0,0.0,0.008880523,0.00883178,0.007755155,8.787062e-05,0.004577744,1.531024e-05,1.531024e-05,1.531024e-05,1.531024e-05,1.531024e-05,1.531024e-05,1.531024e-05,1.531024e-05,1.531024e-05,1.531024e-05,1.531024e-05,0.002733558,0.04346868,0.04346868,0.04346868,0.04346868,0.04346868,0.06498655,0.06522279,0.06522279,0.06522279,0.04839351,0.0,0.0,0.0,0.0,0.0,0.0,0.0,0.0,0.0,0.0,0.0,0.0,0.0,0.0,0.0,0.0,0.0,0.0,0.0,0.0,0.0,0.0,-1.057592e-09,-4.589844e-09,-4.589844e-09,-4.589844e-09,-4.589844e-09,-4.589844e-09,-4.637491e-09,-4.698587e-09,-4.698587e-09,-4.698587e-09,-3.845551e-09,0.0,0.0,0.0,0.0,0.0,0.0
9237,18,"(886.73, 1096.88]",-3.770308e-07,-3.82004e-07,-3.892959e-07,-7.080729e-08,-2.83435e-07,0.0,0.0,0.0,0.0,0.0,0.0,0.0,0.0,0.0,0.0,0.0,-7.72278e-08,-1.96566e-07,-1.96566e-07,-1.96566e-07,-1.96566e-07,-1.96566e-07,4.590744e-07,1.07735e-06,1.07735e-06,1.07735e-06,9.178259e-07,0.0,0.0,0.0,0.0,0.0,0.0,0.008905975,0.008857078,0.007777308,8.810222e-05,0.00459063,1.53412e-05,1.53412e-05,1.53412e-05,1.53412e-05,1.53412e-05,1.53412e-05,1.53412e-05,1.53412e-05,1.53412e-05,1.53412e-05,1.53412e-05,0.002733633,0.0434695,0.0434695,0.0434695,0.0434695,0.0434695,0.06522279,0.0654616,0.0654616,0.0654616,0.04857071,0.0,0.0,0.0,0.0,0.0,0.0,0.0,0.0,0.0,0.0,0.0,0.0,0.0,0.0,0.0,0.0,0.0,0.0,0.0,0.0,0.0,0.0,0.0,0.0,0.0,0.0,0.0,0.0,0.0,0.0,0.0,0.0,0.0,0.0,0.0,0.0,0.0,0.0,0.0
9237,18,"(1096.88, 1356.84]",-3.770308e-07,-3.82004e-07,-3.892959e-07,-7.080729e-08,-2.83435e-07,0.0,0.0,0.0,0.0,0.0,0.0,0.0,0.0,0.0,0.0,0.0,-7.72278e-08,-1.96566e-07,-1.96566e-07,-1.96566e-07,-1.96566e-07,-1.96566e-07,4.590744e-07,1.07735e-06,1.07735e-06,1.07735e-06,9.178259e-07,0.0,0.0,0.0,0.0,0.0,0.0,0.008905975,0.008857078,0.007777308,8.810222e-05,0.00459063,1.53412e-05,1.53412e-05,1.53412e-05,1.53412e-05,1.53412e-05,1.53412e-05,1.53412e-05,1.53412e-05,1.53412e-05,1.53412e-05,1.53412e-05,0.002733633,0.0434695,0.0434695,0.0434695,0.0434695,0.0434695,0.06522279,0.0654616,0.0654616,0.0654616,0.04857071,0.0,0.0,0.0,0.0,0.0,0.0,0.0,0.0,0.0,0.0,0.0,0.0,0.0,0.0,0.0,0.0,0.0,0.0,0.0,0.0,0.0,0.0,0.0,0.0,0.0,0.0,0.0,0.0,0.0,0.0,0.0,0.0,0.0,0.0,0.0,0.0,0.0,0.0,0.0
9237,18,"(1356.84, 2095.49]",-3.770308e-07,-3.82004e-07,-3.892959e-07,-7.080729e-08,-2.83435e-07,0.0,0.0,0.0,0.0,0.0,0.0,0.0,0.0,0.0,0.0,0.0,-7.72278e-08,-1.96566e-07,-1.96566e-07,-1.96566e-07,-1.96566e-07,-1.96566e-07,4.590744e-07,1.07735e-06,1.07735e-06,1.07735e-06,9.178259e-07,0.0,0.0,0.0,0.0,0.0,0.0,0.008905975,0.008857078,0.007777308,8.810222e-05,0.00459063,1.53412e-05,1.53412e-05,1.53412e-05,1.53412e-05,1.53412e-05,1.53412e-05,1.53412e-05,1.53412e-05,1.53412e-05,1.53412e-05,1.53412e-05,0.002733633,0.0434695,0.0434695,0.0434695,0.0434695,0.0434695,0.06522279,0.0654616,0.0654616,0.0654616,0.04857071,0.0,0.0,0.0,0.0,0.0,0.0,0.0,0.0,0.0,0.0,0.0,0.0,0.0,0.0,0.0,0.0,0.0,0.0,0.0,0.0,0.0,0.0,0.0,0.0,0.0,0.0,0.0,0.0,0.0,0.0,0.0,0.0,0.0,0.0,0.0,0.0,0.0,0.0,0.0
9237,18,"(2095.49, 3206.45]",-2.797465e-07,-2.834364e-07,-2.888468e-07,-5.253706e-08,-2.10301e-07,0.0,0.0,0.0,0.0,0.0,0.0,0.0,0.0,0.0,0.0,0.0,-5.73009e-08,-1.458466e-07,-1.458466e-07,-1.458466e-07,-1.458466e-07,-1.458466e-07,3.406206e-07,7.993641e-07,7.993641e-07,7.993641e-07,6.731477e-05,0.0004500129,0.0004500129,0.0004500129,0.0004500129,0.0004500129,4.133434e-05,0.006607988,0.006571708,0.005770549,6.536942e-05,0.003406121,1.138275e-05,1.138275e-05,1.138275e-05,1.138275e-05,1.138275e-05,1.138275e-05,1.138275e-05,1.138275e-05,1.138275e-05,1.138275e-05,1.138275e-05,0.002028281,0.03225317,0.03225317,0.03225317,0.03225317,0.03225317,0.04839351,0.04857071,0.04857071,0.04857071,0.03629031,0.0009773437,0.0009773437,0.0009773437,0.0009773437,0.0009773437,0.0003996596,0.0,0.0,0.0,0.0,0.0,0.0,0.0,0.0,0.0,0.0,0.0,0.0,0.0,0.0,0.0,0.0,0.0,0.0,0.0,0.0,0.0,0.0,0.0,0.0,0.0,0.0,4.827552e-05,0.0002659051,0.0002659051,0.0002659051,0.0002659051,0.0002659051,-0.0003670763
9237,18,"(3206.45, 3266.3]",0.0,0.0,0.0,0.0,0.0,0.0,0.0,0.0,0.0,0.0,0.0,0.0,0.0,0.0,0.0,0.0,0.0,0.0,0.0,0.0,0.0,0.0,0.0,0.0,0.0,0.0,0.0002582429,0.00174405,0.00174405,0.00174405,0.00174405,0.00174405,0.0001601935,0.0,0.0,0.0,0.0,0.0,0.0,0.0,0.0,0.0,0.0,0.0,0.0,0.0,0.0,0.0,0.0,0.0,0.0,0.0,0.0,0.0,0.0,0.0,0.0,0.0,0.0,0.0009773437,0.00378775,0.00378775,0.00378775,0.00378775,0.00378775,0.001548903,0.0,0.0,0.0,0.0,0.0,0.0,0.0,0.0,0.0,0.0,0.0,0.0,0.0,0.0,0.0,0.0,0.0,0.0,0.0,0.0,0.0,0.0,0.0,0.0,0.0,0.0,0.0001870945,0.00103053,0.00103053,0.00103053,0.00103053,0.00103053,-0.001422625
9237,18,"(3266.3, 4556.53]",0.0,0.0,0.0,0.0,0.0,0.0,0.0,0.0,0.0,0.0,0.0,0.0,0.0,0.0,0.0,0.0,0.0,0.0,0.0,0.0,0.0,0.0,0.0,0.0,0.0,0.0,0.0002582429,0.00174405,0.00174405,0.00174405,0.00174405,0.00174405,0.0001601935,0.0,0.0,0.0,0.0,0.0,0.0,0.0,0.0,0.0,0.0,0.0,0.0,0.0,0.0,0.0,0.0,0.0,0.0,0.0,0.0,0.0,0.0,0.0,0.0,0.0,0.0,0.0009773437,0.00378775,0.00378775,0.00378775,0.00378775,0.00378775,0.001548903,0.0,0.0,0.0,0.0,0.0,0.0,0.0,0.0,0.0,0.0,0.0,0.0,0.0,0.0,0.0,0.0,0.0,0.0,0.0,0.0,0.0,0.0,0.0,0.0,0.0,0.0,0.0001870945,0.00103053,0.00103053,0.00103053,0.00103053,0.00103053,-0.001422625
9237,18,"(4556.53, 5636.43]",0.0,0.0,0.0,0.0,0.0,0.0,0.0,0.0,0.0,0.0,0.0,0.0,0.0,0.0,0.0,0.0,0.0,0.0,0.0,0.0,0.0,0.0,0.0,0.0,0.0,0.0,0.0002582429,0.00174405,0.00174405,0.00174405,0.00174405,0.00174405,0.0001601935,0.0,0.0,0.0,0.0,0.0,0.0,0.0,0.0,0.0,0.0,0.0,0.0,0.0,0.0,0.0,0.0,0.0,0.0,0.0,0.0,0.0,0.0,0.0,0.0,0.0,0.0,0.0009773437,0.00378775,0.00378775,0.00378775,0.00378775,0.00378775,0.001548903,0.0,0.0,0.0,0.0,0.0,0.0,0.0,0.0,0.0,0.0,0.0,0.0,0.0,0.0,0.0,0.0,0.0,0.0,0.0,0.0,0.0,0.0,0.0,0.0,0.0,0.0,0.0001870945,0.00103053,0.00103053,0.00103053,0.00103053,0.00103053,-0.001422625
9237,18,"(5636.43, 9286.92]",0.0,0.0,0.0,0.0,0.0,0.0,0.0,0.0,0.0,0.0,0.0,0.0,0.0,0.0,0.0,0.0,0.0,0.0,0.0,0.0,0.0,0.0,0.0,0.0,0.0,0.0,0.0002582429,0.00174405,0.00174405,0.00174405,0.00174405,0.00174405,0.0001601935,0.0,0.0,0.0,0.0,0.0,0.0,0.0,0.0,0.0,0.0,0.0,0.0,0.0,0.0,0.0,0.0,0.0,0.0,0.0,0.0,0.0,0.0,0.0,0.0,0.0,0.0,0.0009773437,0.00378775,0.00378775,0.00378775,0.00378775,0.00378775,0.001548903,0.0,0.0,0.0,0.0,0.0,0.0,0.0,0.0,0.0,0.0,0.0,0.0,0.0,0.0,0.0,0.0,0.0,0.0,0.0,0.0,0.0,0.0,0.0,0.0,0.0,0.0,0.0001870945,0.00103053,0.00103053,0.00103053,0.00103053,0.00103053,-0.001422625
9237,18,"(9286.92, 15301.7]",0.0,0.0,0.0,0.0,0.0,0.0,0.0,0.0,0.0,0.0,0.0,0.0,0.0,0.0,0.0,0.0,0.0,0.0,0.0,0.0,0.0,0.0,0.0,0.0,0.0,0.0,0.0002582429,0.00174405,0.00174405,0.00174405,0.00174405,0.00174405,0.0001601935,0.0,0.0,0.0,0.0,0.0,0.0,0.0,0.0,0.0,0.0,0.0,0.0,0.0,0.0,0.0,0.0,0.0,0.0,0.0,0.0,0.0,0.0,0.0,0.0,0.0,0.0,0.0009773437,0.00378775,0.00378775,0.00378775,0.00378775,0.00378775,0.001548903,0.0,0.0,0.0,0.0,0.0,0.0,0.0,0.0,0.0,0.0,0.0,0.0,0.0,0.0,0.0,0.0,0.0,0.0,0.0,0.0,0.0,0.0,0.0,0.0,0.0,0.0,0.0001870945,0.00103053,0.00103053,0.00103053,0.00103053,0.00103053,-0.001422625
9237,18,"(15301.7, 20000000.0]",0.0,0.0,0.0,0.0,0.0,0.0,0.0,0.0,0.0,0.0,0.0,0.0,0.0,0.0,0.0,0.0,0.0,0.0,0.0,0.0,0.0,0.0,0.0,0.0,0.0,0.0,0.0001562916,0.001055519,0.001055519,0.001055519,0.001055519,0.001055519,0.0001622559,0.0,0.0,0.0,0.0,0.0,0.0,0.0,0.0,0.0,0.0,0.0,0.0,0.0,0.0,0.0,0.0,0.0,0.0,0.0,0.0,0.0,0.0,0.0,0.0,0.0,0.0,0.0003996596,0.001548903,0.001548903,0.001548903,0.001548903,0.001548903,0.0009279248,0.0,0.0,0.0,0.0,0.0,0.0,0.0,0.0,0.0,0.0,0.0,0.0,0.0,0.0,0.0,0.0,0.0,0.0,0.0,0.0,0.0,0.0,0.0,0.0,0.0,0.0,3.185748e-05,0.0001754734,0.0001754734,0.0001754734,0.0001754734,0.0001754734,-0.0001472468
9237,102,"(1e-05, 0.1]",-5.200022e-06,-5.603666e-06,-1.109442e-05,0.0001781254,1.606443e-05,0.0004052667,0.0004052667,0.0004052667,0.0004052667,0.0004052667,0.0004052667,0.0004052667,0.0004052667,0.0004052667,0.0004052667,0.0004052667,-8.424395e-05,-9.781053e-06,-9.781053e-06,-9.781053e-06,-9.781053e-06,-9.781053e-06,-5.120456e-06,-7.254653e-07,-7.254653e-07,-7.254653e-07,-6.239228e-07,-3.969575e-08,-3.969575e-08,-3.969575e-08,-3.969575e-08,-3.969575e-08,-1.39223e-11,-9.852308e-08,-1.015236e-07,-1.359613e-07,-3.053606e-07,-2.240805e-07,-6.207905e-07,-6.207905e-07,-6.207905e-07,-6.207905e-07,-6.207905e-07,-6.207905e-07,-6.207905e-07,-6.207905e-07,-6.207905e-07,-6.207905e-07,-6.207905e-07,-1.277031e-06,0.0,0.0,0.0,0.0,0.0,0.0,0.0,0.0,0.0,0.0,0.0,0.0,0.0,0.0,0.0,0.0,0.0001071883,0.0001091592,0.000120925,0.0001433645,0.0001358572,0.0001431992,0.0001431992,0.0001431992,0.0001431992,0.0001431992,0.0001431992,0.0001431992,0.0001431992,0.0001431992,0.0001431992,0.0001431992,7.867225e-05,2.609313e-05,2.609313e-05,2.609313e-05,2.609313e-05,2.609313e-05,1.599567e-05,3.047782e-06,3.047782e-06,3.047782e-06,2.560222e-06,3.622692e-07,3.622692e-07,3.622692e-07,3.622692e-07,3.622692e-07,1.304672e-09
9237,102,"(0.1, 0.54]",-6.189396e-06,-6.611635e-06,-1.232045e-05,0.0001823659,1.540989e-05,0.0004154263,0.0004154263,0.0004154263,0.0004154263,0.0004154263,0.0004154263,0.0004154263,0.0004154263,0.0004154263,0.0004154263,0.0004154263,-7.992901e-05,-9.4032e-06,-9.4032e-06,-9.4032e-06,-9.4032e-06,-9.4032e-06,-4.919873e-06,-6.920506e-07,-6.920506e-07,-6.920506e-07,-5.955654e-07,-4.043542e-08,-4.043542e-08,-4.043542e-08,-4.043542e-08,-4.043542e-08,-1.41817e-11,-1.003589e-07,-1.034153e-07,-1.384949e-07,-3.110507e-07,-2.28256e-07,-6.323582e-07,-6.323582e-07,-6.323582e-07,-6.323582e-07,-6.323582e-07,-6.323582e-07,-6.323582e-07,-6.323582e-07,-6.323582e-07,-6.323582e-07,-6.323582e-07,-1.239446e-06,0.0,0.0,0.0,0.0,0.0,0.0,0.0,0.0,0.0,0.0,0.0,0.0,0.0,0.0,0.0,0.0,0.0001091592,0.0001112083,0.0001235813,0.0001471344,0.0001391705,0.0001469477,0.0001469477,0.0001469477,0.0001469477,0.0001469477,0.0001469477,0.0001469477,0.0001469477,0.0001469477,0.0001469477,0.0001469477,7.867044e-05,2.514364e-05,2.514364e-05,2.514364e-05,2.514364e-05,2.514364e-05,1.540733e-05,2.922533e-06,2.922533e-06,2.922533e-06,2.452475e-06,3.334173e-07,3.334173e-07,3.334173e-07,3.334173e-07,3.334173e-07,1.200765e-09
9237,102,"(0.54, 4.0]",-1.583889e-05,-1.642321e-05,-2.391051e-05,0.0002116058,7.501722e-06,0.0004871197,0.0004871197,0.0004871197,0.0004871197,0.0004871197,0.0004871197,0.0004871197,0.0004871197,0.0004871197,0.0004871197,0.0004871197,-2.939828e-05,-5.371292e-06,-5.371292e-06,-5.371292e-06,-5.371292e-06,-5.371292e-06,-2.785752e-06,-3.475618e-07,-3.475618e-07,-3.475618e-07,-2.982553e-07,-1.456877e-08,-1.456877e-08,-1.456877e-08,-1.456877e-08,-1.456877e-08,-5.10963e-12,-1.135244e-07,-1.169819e-07,-1.378878e-07,-4.758506e-07,-2.581998e-07,-7.15314e-07,-7.15314e-07,-7.15314e-07,-7.15314e-07,-7.15314e-07,-7.15314e-07,-7.15314e-07,-7.15314e-07,-7.15314e-07,-7.15314e-07,-7.15314e-07,-9.998352e-07,0.0,0.0,0.0,0.0,0.0,0.0,0.0,0.0,0.0,0.0,0.0,0.0,0.0,0.0,0.0,0.0,0.000120925,0.0001235813,0.0001412171,0.0001742243,0.0001622683,0.000173867,0.000173867,0.000173867,0.000173867,0.000173867,0.000173867,0.000173867,0.000173867,0.000173867,0.000173867,0.000173867,7.284515e-05,1.507657e-05,1.507657e-05,1.507657e-05,1.507657e-05,1.507657e-05,9.224614e-06,1.72071e-06,1.72071e-06,1.72071e-06,1.444161e-06,1.974591e-07,1.974591e-07,1.974591e-07,1.974591e-07,1.974591e-07,7.11127e-10
9237,102,"(4.0, 8.31529]",-3.35501e-05,-3.44442e-05,-4.535323e-05,0.0002743858,-6.053502e-06,0.0006214828,0.0006214828,0.0006214828,0.0006214828,0.0006214828,0.0006214828,0.0006214828,0.0006214828,0.0006214828,0.0006214828,0.0006214828,6.124051e-05,7.836533e-07,7.836533e-07,7.836533e-07,7.836533e-07,7.836533e-07,4.711231e-07,1.764041e-07,1.764041e-07,1.764041e-07,1.502838e-07,0.0,0.0,0.0,0.0,0.0,0.0,-1.43942e-07,-1.483257e-07,-3.903002e-07,2.636119e-06,-6.530557e-07,-9.051015e-07,-9.051015e-07,-9.051015e-07,-9.051015e-07,-9.051015e-07,-9.051015e-07,-9.051015e-07,-9.051015e-07,-9.051015e-07,-9.051015e-07,-9.051015e-07,-4.7437e-07,0.0,0.0,0.0,0.0,0.0,0.0,0.0,0.0,0.0,0.0,0.0,0.0,0.0,0.0,0.0,0.0,0.0001433645,0.0001471344,0.0001742243,0.0002287753,0.0002051855,0.0002242658,0.0002242658,0.0002242658,0.0002242658,0.0002242658,0.0002242658,0.0002242658,0.0002242658,0.0002242658,0.0002242658,0.0002242658,6.387782e-05,1.632369e-08,1.632369e-08,1.632369e-08,1.632369e-08,1.632369e-08,9.936499e-09,1.746267e-09,1.746267e-09,1.746267e-09,1.481394e-09,2.8733e-10,2.8733e-10,2.8733e-10,2.8733e-10,2.8733e-10,1.03479e-12
9237,102,"(8.31529, 10.0]",-2.531134e-05,-2.60652e-05,-3.545048e-05,0.000245833,4.34197e-07,0.000569893,0.000569893,0.000569893,0.000569893,0.000569893,0.000569893,0.000569893,0.000569893,0.000569893,0.000569893,0.000569893,1.638175e-05,-1.57429e-06,-1.57429e-06,-1.57429e-06,-1.57429e-06,-1.57429e-06,-7.773035e-07,-2.57372e-08,-2.57372e-08,-2.57372e-08,-2.192627e-08,0.0,0.0,0.0,0.0,0.0,0.0,-1.308699e-07,-1.348552e-07,-1.805997e-07,-8.098757e-07,-2.9765e-07,-8.24607e-07,-8.24607e-07,-8.24607e-07,-8.24607e-07,-8.24607e-07,-8.24607e-07,-8.24607e-07,-8.24607e-07,-8.24607e-07,-8.24607e-07,-8.24607e-07,-6.842905e-07,0.0,0.0,0.0,0.0,0.0,0.0,0.0,0.0,0.0,0.0,0.0,0.0,0.0,0.0,0.0,0.0,0.0001358572,0.0001391705,0.0001622683,0.0002051855,0.000189131,0.000204676,0.000204676,0.000204676,0.000204676,0.000204676,0.000204676,0.000204676,0.000204676,0.000204676,0.000204676,0.000204676,6.97399e-05,5.58085e-06,5.58085e-06,5.58085e-06,5.58085e-06,5.58085e-06,3.385887e-06,5.71307e-07,5.71307e-07,5.71307e-07,4.810259e-07,7.4032e-08,7.4032e-08,7.4032e-08,7.4032e-08,7.4032e-08,2.66618e-10
9237,102,"(10.0, 10.7678]",-3.322645e-05,-3.410715e-05,-4.484953e-05,0.0002662802,-6.5985e-06,0.000622017,0.000622017,0.000622017,0.000622017,0.000622017,0.000622017,0.000622017,0.000622017,0.000622017,0.000622017,0.000622017,6.041261e-05,7.59816e-07,7.59816e-07,7.59816e-07,7.59816e-07,7.59816e-07,4.553621e-07,1.68259e-07,1.68259e-07,1.68259e-07,1.433448e-07,0.0,0.0,0.0,0.0,0.0,0.0,-1.425957e-07,-1.469384e-07,-1.967816e-07,-4.419588e-07,-3.24319e-07,-8.98491e-07,-8.98491e-07,-8.98491e-07,-8.98491e-07,-8.98491e-07,-8.98491e-07,-8.98491e-07,-8.98491e-07,-8.98491e-07,-8.98491e-07,-8.98491e-07,-4.699307e-07,0.0,0.0,0.0,0.0,0.0,0.0,0.0,0.0,0.0,0.0,0.0,0.0,0.0,0.0,0.0,0.0,0.0001431992,0.0001469477,0.000173867,0.0002242658,0.000204676,0.000224541,0.000224541,0.000224541,0.000224541,0.000224541,0.000224541,0.000224541,0.000224541,0.000224541,0.000224541,0.000224541,6.417193e-05,6.08089e-08,6.08089e-08,6.08089e-08,6.08089e-08,6.08089e-08,3.41651e-08,0.0,0.0,0.0,0.0,0.0,0.0,0.0,0.0,0.0,0.0
9237,102,"(10.7678, 11.4879]",-3.322645e-05,-3.410715e-05,-4.484953e-05,0.0002662802,-6.5985e-06,0.000622017,0.000622017,0.000622017,0.000622017,0.000622017,0.000622017,0.000622017,0.000622017,0.000622017,0.000622017,0.000622017,6.041261e-05,7.59816e-07,7.59816e-07,7.59816e-07,7.59816e-07,7.59816e-07,4.553621e-07,1.68259e-07,1.68259e-07,1.68259e-07,1.433448e-07,0.0,0.0,0.0,0.0,0.0,0.0,-1.425957e-07,-1.469384e-07,-1.967816e-07,-4.419588e-07,-3.24319e-07,-8.98491e-07,-8.98491e-07,-8.98491e-07,-8.98491e-07,-8.98491e-07,-8.98491e-07,-8.98491e-07,-8.98491e-07,-8.98491e-07,-8.98491e-07,-8.98491e-07,-4.699307e-07,0.0,0.0,0.0,0.0,0.0,0.0,0.0,0.0,0.0,0.0,0.0,0.0,0.0,0.0,0.0,0.0,0.0001431992,0.0001469477,0.000173867,0.0002242658,0.000204676,0.000224541,0.000224541,0.000224541,0.000224541,0.000224541,0.000224541,0.000224541,0.000224541,0.000224541,0.000224541,0.000224541,6.417193e-05,6.08089e-08,6.08089e-08,6.08089e-08,6.08089e-08,6.08089e-08,3.41651e-08,0.0,0.0,0.0,0.0,0.0,0.0,0.0,0.0,0.0,0.0
9237,102,"(11.4879, 12.37]",-3.322645e-05,-3.410715e-05,-4.484953e-05,0.0002662802,-6.5985e-06,0.000622017,0.000622017,0.000622017,0.000622017,0.000622017,0.000622017,0.000622017,0.000622017,0.000622017,0.000622017,0.000622017,6.041261e-05,7.59816e-07,7.59816e-07,7.59816e-07,7.59816e-07,7.59816e-07,4.553621e-07,1.68259e-07,1.68259e-07,1.68259e-07,1.433448e-07,0.0,0.0,0.0,0.0,0.0,0.0,-1.425957e-07,-1.469384e-07,-1.967816e-07,-4.419588e-07,-3.24319e-07,-8.98491e-07,-8.98491e-07,-8.98491e-07,-8.98491e-07,-8.98491e-07,-8.98491e-07,-8.98491e-07,-8.98491e-07,-8.98491e-07,-8.98491e-07,-8.98491e-07,-4.699307e-07,0.0,0.0,0.0,0.0,0.0,0.0,0.0,0.0,0.0,0.0,0.0,0.0,0.0,0.0,0.0,0.0,0.0001431992,0.0001469477,0.000173867,0.0002242658,0.000204676,0.000224541,0.000224541,0.000224541,0.000224541,0.000224541,0.000224541,0.000224541,0.000224541,0.000224541,0.000224541,0.000224541,6.417193e-05,6.08089e-08,6.08089e-08,6.08089e-08,6.08089e-08,6.08089e-08,3.41651e-08,0.0,0.0,0.0,0.0,0.0,0.0,0.0,0.0,0.0,0.0
9237,102,"(12.37, 13.3198]",-3.322645e-05,-3.410715e-05,-4.484953e-05,0.0002662802,-6.5985e-06,0.000622017,0.000622017,0.000622017,0.000622017,0.000622017,0.000622017,0.000622017,0.000622017,0.000622017,0.000622017,0.000622017,6.041261e-05,7.59816e-07,7.59816e-07,7.59816e-07,7.59816e-07,7.59816e-07,4.553621e-07,1.68259e-07,1.68259e-07,1.68259e-07,1.433448e-07,0.0,0.0,0.0,0.0,0.0,0.0,-1.425957e-07,-1.469384e-07,-1.967816e-07,-4.419588e-07,-3.24319e-07,-8.98491e-07,-8.98491e-07,-8.98491e-07,-8.98491e-07,-8.98491e-07,-8.98491e-07,-8.98491e-07,-8.98491e-07,-8.98491e-07,-8.98491e-07,-8.98491e-07,-4.699307e-07,0.0,0.0,0.0,0.0,0.0,0.0,0.0,0.0,0.0,0.0,0.0,0.0,0.0,0.0,0.0,0.0,0.0001431992,0.0001469477,0.000173867,0.0002242658,0.000204676,0.000224541,0.000224541,0.000224541,0.000224541,0.000224541,0.000224541,0.000224541,0.000224541,0.000224541,0.000224541,0.000224541,6.417193e-05,6.08089e-08,6.08089e-08,6.08089e-08,6.08089e-08,6.08089e-08,3.41651e-08,0.0,0.0,0.0,0.0,0.0,0.0,0.0,0.0,0.0,0.0
9237,102,"(13.3198, 13.6945]",-3.322645e-05,-3.410715e-05,-4.484953e-05,0.0002662802,-6.5985e-06,0.000622017,0.000622017,0.000622017,0.000622017,0.000622017,0.000622017,0.000622017,0.000622017,0.000622017,0.000622017,0.000622017,6.041261e-05,7.59816e-07,7.59816e-07,7.59816e-07,7.59816e-07,7.59816e-07,4.553621e-07,1.68259e-07,1.68259e-07,1.68259e-07,1.433448e-07,0.0,0.0,0.0,0.0,0.0,0.0,-1.425957e-07,-1.469384e-07,-1.967816e-07,-4.419588e-07,-3.24319e-07,-8.98491e-07,-8.98491e-07,-8.98491e-07,-8.98491e-07,-8.98491e-07,-8.98491e-07,-8.98491e-07,-8.98491e-07,-8.98491e-07,-8.98491e-07,-8.98491e-07,-4.699307e-07,0.0,0.0,0.0,0.0,0.0,0.0,0.0,0.0,0.0,0.0,0.0,0.0,0.0,0.0,0.0,0.0,0.0001431992,0.0001469477,0.000173867,0.0002242658,0.000204676,0.000224541,0.000224541,0.000224541,0.000224541,0.000224541,0.000224541,0.000224541,0.000224541,0.000224541,0.000224541,0.000224541,6.417193e-05,6.08089e-08,6.08089e-08,6.08089e-08,6.08089e-08,6.08089e-08,3.41651e-08,0.0,0.0,0.0,0.0,0.0,0.0,0.0,0.0,0.0,0.0
9237,102,"(13.6945, 14.3426]",-3.322645e-05,-3.410715e-05,-4.484953e-05,0.0002662802,-6.5985e-06,0.000622017,0.000622017,0.000622017,0.000622017,0.000622017,0.000622017,0.000622017,0.000622017,0.000622017,0.000622017,0.000622017,6.041261e-05,7.59816e-07,7.59816e-07,7.59816e-07,7.59816e-07,7.59816e-07,4.553621e-07,1.68259e-07,1.68259e-07,1.68259e-07,1.433448e-07,0.0,0.0,0.0,0.0,0.0,0.0,-1.425957e-07,-1.469384e-07,-1.967816e-07,-4.419588e-07,-3.24319e-07,-8.98491e-07,-8.98491e-07,-8.98491e-07,-8.98491e-07,-8.98491e-07,-8.98491e-07,-8.98491e-07,-8.98491e-07,-8.98491e-07,-8.98491e-07,-8.98491e-07,-4.699307e-07,0.0,0.0,0.0,0.0,0.0,0.0,0.0,0.0,0.0,0.0,0.0,0.0,0.0,0.0,0.0,0.0,0.0001431992,0.0001469477,0.000173867,0.0002242658,0.000204676,0.000224541,0.000224541,0.000224541,0.000224541,0.000224541,0.000224541,0.000224541,0.000224541,0.000224541,0.000224541,0.000224541,6.417193e-05,6.08089e-08,6.08089e-08,6.08089e-08,6.08089e-08,6.08089e-08,3.41651e-08,0.0,0.0,0.0,0.0,0.0,0.0,0.0,0.0,0.0,0.0
9237,102,"(14.3426, 15.3017]",-3.322645e-05,-3.410715e-05,-4.484953e-05,0.0002662802,-6.5985e-06,0.000622017,0.000622017,0.000622017,0.000622017,0.000622017,0.000622017,0.000622017,0.000622017,0.000622017,0.000622017,0.000622017,6.041261e-05,7.59816e-07,7.59816e-07,7.59816e-07,7.59816e-07,7.59816e-07,4.553621e-07,1.68259e-07,1.68259e-07,1.68259e-07,1.433448e-07,0.0,0.0,0.0,0.0,0.0,0.0,-1.425957e-07,-1.469384e-07,-1.967816e-07,-4.419588e-07,-3.24319e-07,-8.98491e-07,-8.98491e-07,-8.98491e-07,-8.98491e-07,-8.98491e-07,-8.98491e-07,-8.98491e-07,-8.98491e-07,-8.98491e-07,-8.98491e-07,-8.98491e-07,-4.699307e-07,0.0,0.0,0.0,0.0,0.0,0.0,0.0,0.0,0.0,0.0,0.0,0.0,0.0,0.0,0.0,0.0,0.0001431992,0.0001469477,0.000173867,0.0002242658,0.000204676,0.000224541,0.000224541,0.000224541,0.000224541,0.000224541,0.000224541,0.000224541,0.000224541,0.000224541,0.000224541,0.000224541,6.417193e-05,6.08089e-08,6.08089e-08,6.08089e-08,6.08089e-08,6.08089e-08,3.41651e-08,0.0,0.0,0.0,0.0,0.0,0.0,0.0,0.0,0.0,0.0
9237,102,"(15.3017, 16.4766]",-3.322645e-05,-3.410715e-05,-4.484953e-05,0.0002662802,-6.5985e-06,0.000622017,0.000622017,0.000622017,0.000622017,0.000622017,0.000622017,0.000622017,0.000622017,0.000622017,0.000622017,0.000622017,6.041261e-05,7.59816e-07,7.59816e-07,7.59816e-07,7.59816e-07,7.59816e-07,4.553621e-07,1.68259e-07,1.68259e-07,1.68259e-07,1.433448e-07,0.0,0.0,0.0,0.0,0.0,0.0,-1.425957e-07,-1.469384e-07,-1.967816e-07,-4.419588e-07,-3.24319e-07,-8.98491e-07,-8.98491e-07,-8.98491e-07,-8.98491e-07,-8.98491e-07,-8.98491e-07,-8.98491e-07,-8.98491e-07,-8.98491e-07,-8.98491e-07,-8.98491e-07,-4.699307e-07,0.0,0.0,0.0,0.0,0.0,0.0,0.0,0.0,0.0,0.0,0.0,0.0,0.0,0.0,0.0,0.0,0.0001431992,0.0001469477,0.000173867,0.0002242658,0.000204676,0.000224541,0.000224541,0.000224541,0.000224541,0.000224541,0.000224541,0.000224541,0.000224541,0.000224541,0.000224541,0.000224541,6.417193e-05,6.08089e-08,6.08089e-08,6.08089e-08,6.08089e-08,6.08089e-08,3.41651e-08,0.0,0.0,0.0,0.0,0.0,0.0,0.0,0.0,0.0,0.0
9237,102,"(16.4766, 17.7417]",-3.322645e-05,-3.410715e-05,-4.484953e-05,0.0002662802,-6.5985e-06,0.000622017,0.000622017,0.000622017,0.000622017,0.000622017,0.000622017,0.000622017,0.000622017,0.000622017,0.000622017,0.000622017,6.041261e-05,7.59816e-07,7.59816e-07,7.59816e-07,7.59816e-07,7.59816e-07,4.553621e-07,1.68259e-07,1.68259e-07,1.68259e-07,1.433448e-07,0.0,0.0,0.0,0.0,0.0,0.0,-1.425957e-07,-1.469384e-07,-1.967816e-07,-4.419588e-07,-3.24319e-07,-8.98491e-07,-8.98491e-07,-8.98491e-07,-8.98491e-07,-8.98491e-07,-8.98491e-07,-8.98491e-07,-8.98491e-07,-8.98491e-07,-8.98491e-07,-8.98491e-07,-4.699307e-07,0.0,0.0,0.0,0.0,0.0,0.0,0.0,0.0,0.0,0.0,0.0,0.0,0.0,0.0,0.0,0.0,0.0001431992,0.0001469477,0.000173867,0.0002242658,0.000204676,0.000224541,0.000224541,0.000224541,0.000224541,0.000224541,0.000224541,0.000224541,0.000224541,0.000224541,0.000224541,0.000224541,6.417193e-05,6.08089e-08,6.08089e-08,6.08089e-08,6.08089e-08,6.08089e-08,3.41651e-08,0.0,0.0,0.0,0.0,0.0,0.0,0.0,0.0,0.0,0.0
9237,102,"(17.7417, 18.9282]",-3.322645e-05,-3.410715e-05,-4.484953e-05,0.0002662802,-6.5985e-06,0.000622017,0.000622017,0.000622017,0.000622017,0.000622017,0.000622017,0.000622017,0.000622017,0.000622017,0.000622017,0.000622017,6.041261e-05,7.59816e-07,7.59816e-07,7.59816e-07,7.59816e-07,7.59816e-07,4.553621e-07,1.68259e-07,1.68259e-07,1.68259e-07,1.433448e-07,0.0,0.0,0.0,0.0,0.0,0.0,-1.425957e-07,-1.469384e-07,-1.967816e-07,-4.419588e-07,-3.24319e-07,-8.98491e-07,-8.98491e-07,-8.98491e-07,-8.98491e-07,-8.98491e-07,-8.98491e-07,-8.98491e-07,-8.98491e-07,-8.98491e-07,-8.98491e-07,-8.98491e-07,-4.699307e-07,0.0,0.0,0.0,0.0,0.0,0.0,0.0,0.0,0.0,0.0,0.0,0.0,0.0,0.0,0.0,0.0,0.0001431992,0.0001469477,0.000173867,0.0002242658,0.000204676,0.000224541,0.000224541,0.000224541,0.000224541,0.000224541,0.000224541,0.000224541,0.000224541,0.000224541,0.000224541,0.000224541,6.417193e-05,6.08089e-08,6.08089e-08,6.08089e-08,6.08089e-08,6.08089e-08,3.41651e-08,0.0,0.0,0.0,0.0,0.0,0.0,0.0,0.0,0.0,0.0
9237,102,"(18.9282, 20.3815]",-3.322645e-05,-3.410715e-05,-4.484953e-05,0.0002662802,-6.5985e-06,0.000622017,0.000622017,0.000622017,0.000622017,0.000622017,0.000622017,0.000622017,0.000622017,0.000622017,0.000622017,0.000622017,6.041261e-05,7.59816e-07,7.59816e-07,7.59816e-07,7.59816e-07,7.59816e-07,4.553621e-07,1.68259e-07,1.68259e-07,1.68259e-07,1.433448e-07,0.0,0.0,0.0,0.0,0.0,0.0,-1.425957e-07,-1.469384e-07,-1.967816e-07,-4.419588e-07,-3.24319e-07,-8.98491e-07,-8.98491e-07,-8.98491e-07,-8.98491e-07,-8.98491e-07,-8.98491e-07,-8.98491e-07,-8.98491e-07,-8.98491e-07,-8.98491e-07,-8.98491e-07,-4.699307e-07,0.0,0.0,0.0,0.0,0.0,0.0,0.0,0.0,0.0,0.0,0.0,0.0,0.0,0.0,0.0,0.0,0.0001431992,0.0001469477,0.000173867,0.0002242658,0.000204676,0.000224541,0.000224541,0.000224541,0.000224541,0.000224541,0.000224541,0.000224541,0.000224541,0.000224541,0.000224541,0.000224541,6.417193e-05,6.08089e-08,6.08089e-08,6.08089e-08,6.08089e-08,6.08089e-08,3.41651e-08,0.0,0.0,0.0,0.0,0.0,0.0,0.0,0.0,0.0,0.0
9237,102,"(20.3815, 121.433]",2.779968e-05,2.791037e-05,2.800268e-05,9.459089e-05,4.499706e-05,0.0001988611,0.0001988611,0.0001988611,0.0001988611,0.0001988611,0.0001988611,0.0001988611,0.0001988611,0.0001988611,0.0001988611,0.0001988611,-0.0002661506,-3.669254e-05,-3.669254e-05,-3.669254e-05,-3.669254e-05,-3.669254e-05,-1.885874e-05,-2.041289e-06,-2.041289e-06,-2.041289e-06,-1.743893e-06,-3.281719e-08,-3.281719e-08,-3.281719e-08,-3.281719e-08,-3.281719e-08,-1.15098e-11,1.223534e-07,1.260797e-07,9.501169e-08,-1.249161e-07,-9.22228e-08,-2.554934e-07,-2.554934e-07,-2.554934e-07,-2.554934e-07,-2.554934e-07,-2.554934e-07,-2.554934e-07,-2.554934e-07,-2.554934e-07,-2.554934e-07,-2.554934e-07,-2.344202e-06,-9.73921e-08,-9.73921e-08,-9.73921e-08,-9.73921e-08,-9.73921e-08,-1.057592e-09,0.0,0.0,0.0,0.0,0.0,0.0,0.0,0.0,0.0,0.0,7.867225e-05,7.867044e-05,7.284515e-05,6.387782e-05,6.97399e-05,6.417193e-05,6.417193e-05,6.417193e-05,6.417193e-05,6.417193e-05,6.417193e-05,6.417193e-05,6.417193e-05,6.417193e-05,6.417193e-05,6.417193e-05,0.0001137151,9.543651e-05,9.543651e-05,9.543651e-05,9.543651e-05,9.543651e-05,5.684993e-05,7.370722e-06,7.370722e-06,7.370722e-06,6.032555e-06,0.0,0.0,0.0,0.0,0.0,0.0
9237,102,"(121.433, 129.554]",1.210982e-05,1.216947e-05,1.271835e-05,5.428315e-06,1.27335e-05,3.55382e-06,3.55382e-06,3.55382e-06,3.55382e-06,3.55382e-06,3.55382e-06,3.55382e-06,3.55382e-06,3.55382e-06,3.55382e-06,3.55382e-06,-5.430492e-05,-0.000150819,-0.000150819,-0.000150819,-0.000150819,-0.000150819,-7.696951e-05,-7.32869e-06,-7.32869e-06,-7.32869e-06,-6.243525e-06,0.0,0.0,0.0,0.0,0.0,0.0,0.0,0.0,0.0,0.0,0.0,0.0,0.0,0.0,0.0,0.0,0.0,0.0,0.0,0.0,0.0,0.0,-2.636493e-08,-4.22672e-07,-4.22672e-07,-4.22672e-07,-4.22672e-07,-4.22672e-07,-4.589844e-09,0.0,0.0,0.0,0.0,0.0,0.0,0.0,0.0,0.0,0.0,2.609313e-05,2.514364e-05,1.507657e-05,1.632369e-08,5.58085e-06,6.08089e-08,6.08089e-08,6.08089e-08,6.08089e-08,6.08089e-08,6.08089e-08,6.08089e-08,6.08089e-08,6.08089e-08,6.08089e-08,6.08089e-08,9.543651e-05,0.000411698,0.000411698,0.000411698,0.000411698,0.000411698,0.0002453258,3.19882e-05,3.19882e-05,3.19882e-05,2.618069e-05,0.0,0.0,0.0,0.0,0.0,0.0
9237,102,"(129.554, 139.501]",1.210982e-05,1.216947e-05,1.271835e-05,5.428315e-06,1.27335e-05,3.55382e-06,3.55382e-06,3.55382e-06,3.55382e-06,3.55382e-06,3.55382e-06,3.55382e-06,3.55382e-06,3.55382e-06,3.55382e-06,3.55382e-06,-5.430492e-05,-0.000150819,-0.000150819,-0.000150819,-0.000150819,-0.000150819,-7.696951e-05,-7.32869e-06,-7.32869e-06,-7.32869e-06,-6.243525e-06,0.0,0.0,0.0,0.0,0.0,0.0,0.0,0.0,0.0,0.0,0.0,0.0,0.0,0.0,0.0,0.0,0.0,0.0,0.0,0.0,0.0,0.0,-2.636493e-08,-4.22672e-07,-4.22672e-07,-4.22672e-07,-4.22672e-07,-4.22672e-07,-4.589844e-09,0.0,0.0,0.0,0.0,0.0,0.0,0.0,0.0,0.0,0.0,2.609313e-05,2.514364e-05,1.507657e-05,1.632369e-08,5.58085e-06,6.08089e-08,6.08089e-08,6.08089e-08,6.08089e-08,6.08089e-08,6.08089e-08,6.08089e-08,6.08089e-08,6.08089e-08,6.08089e-08,6.08089e-08,9.543651e-05,0.000411698,0.000411698,0.000411698,0.000411698,0.000411698,0.0002453258,3.19882e-05,3.19882e-05,3.19882e-05,2.618069e-05,0.0,0.0,0.0,0.0,0.0,0.0
9237,102,"(139.501, 160.258]",1.210982e-05,1.216947e-05,1.271835e-05,5.428315e-06,1.27335e-05,3.55382e-06,3.55382e-06,3.55382e-06,3.55382e-06,3.55382e-06,3.55382e-06,3.55382e-06,3.55382e-06,3.55382e-06,3.55382e-06,3.55382e-06,-5.430492e-05,-0.000150819,-0.000150819,-0.000150819,-0.000150819,-0.000150819,-7.696951e-05,-7.32869e-06,-7.32869e-06,-7.32869e-06,-6.243525e-06,0.0,0.0,0.0,0.0,0.0,0.0,0.0,0.0,0.0,0.0,0.0,0.0,0.0,0.0,0.0,0.0,0.0,0.0,0.0,0.0,0.0,0.0,-2.636493e-08,-4.22672e-07,-4.22672e-07,-4.22672e-07,-4.22672e-07,-4.22672e-07,-4.589844e-09,0.0,0.0,0.0,0.0,0.0,0.0,0.0,0.0,0.0,0.0,2.609313e-05,2.514364e-05,1.507657e-05,1.632369e-08,5.58085e-06,6.08089e-08,6.08089e-08,6.08089e-08,6.08089e-08,6.08089e-08,6.08089e-08,6.08089e-08,6.08089e-08,6.08089e-08,6.08089e-08,6.08089e-08,9.543651e-05,0.000411698,0.000411698,0.000411698,0.000411698,0.000411698,0.0002453258,3.19882e-05,3.19882e-05,3.19882e-05,2.618069e-05,0.0,0.0,0.0,0.0,0.0,0.0
9237,102,"(160.258, 185.813]",1.210982e-05,1.216947e-05,1.271835e-05,5.428315e-06,1.27335e-05,3.55382e-06,3.55382e-06,3.55382e-06,3.55382e-06,3.55382e-06,3.55382e-06,3.55382e-06,3.55382e-06,3.55382e-06,3.55382e-06,3.55382e-06,-5.430492e-05,-0.000150819,-0.000150819,-0.000150819,-0.000150819,-0.000150819,-7.696951e-05,-7.32869e-06,-7.32869e-06,-7.32869e-06,-6.243525e-06,0.0,0.0,0.0,0.0,0.0,0.0,0.0,0.0,0.0,0.0,0.0,0.0,0.0,0.0,0.0,0.0,0.0,0.0,0.0,0.0,0.0,0.0,-2.636493e-08,-4.22672e-07,-4.22672e-07,-4.22672e-07,-4.22672e-07,-4.22672e-07,-4.589844e-09,0.0,0.0,0.0,0.0,0.0,0.0,0.0,0.0,0.0,0.0,2.609313e-05,2.514364e-05,1.507657e-05,1.632369e-08,5.58085e-06,6.08089e-08,6.08089e-08,6.08089e-08,6.08089e-08,6.08089e-08,6.08089e-08,6.08089e-08,6.08089e-08,6.08089e-08,6.08089e-08,6.08089e-08,9.543651e-05,0.000411698,0.000411698,0.000411698,0.000411698,0.000411698,0.0002453258,3.19882e-05,3.19882e-05,3.19882e-05,2.618069e-05,0.0,0.0,0.0,0.0,0.0,0.0
9237,102,"(185.813, 229.851]",1.210982e-05,1.216947e-05,1.271835e-05,5.428315e-06,1.27335e-05,3.55382e-06,3.55382e-06,3.55382e-06,3.55382e-06,3.55382e-06,3.55382e-06,3.55382e-06,3.55382e-06,3.55382e-06,3.55382e-06,3.55382e-06,-5.430492e-05,-0.000150819,-0.000150819,-0.000150819,-0.000150819,-0.000150819,-7.696951e-05,-7.32869e-06,-7.32869e-06,-7.32869e-06,-6.243525e-06,0.0,0.0,0.0,0.0,0.0,0.0,0.0,0.0,0.0,0.0,0.0,0.0,0.0,0.0,0.0,0.0,0.0,0.0,0.0,0.0,0.0,0.0,-2.636493e-08,-4.22672e-07,-4.22672e-07,-4.22672e-07,-4.22672e-07,-4.22672e-07,-4.589844e-09,0.0,0.0,0.0,0.0,0.0,0.0,0.0,0.0,0.0,0.0,2.609313e-05,2.514364e-05,1.507657e-05,1.632369e-08,5.58085e-06,6.08089e-08,6.08089e-08,6.08089e-08,6.08089e-08,6.08089e-08,6.08089e-08,6.08089e-08,6.08089e-08,6.08089e-08,6.08089e-08,6.08089e-08,9.543651e-05,0.000411698,0.000411698,0.000411698,0.000411698,0.000411698,0.0002453258,3.19882e-05,3.19882e-05,3.19882e-05,2.618069e-05,0.0,0.0,0.0,0.0,0.0,0.0
9237,102,"(229.851, 886.73]",1.29108e-05,1.296058e-05,1.342707e-05,5.634413e-06,1.305221e-05,3.438896e-06,3.438896e-06,3.438896e-06,3.438896e-06,3.438896e-06,3.438896e-06,3.438896e-06,3.438896e-06,3.438896e-06,3.438896e-06,3.438896e-06,-3.215434e-05,-9.081977e-05,-9.081977e-05,-9.081977e-05,-9.081977e-05,-9.081977e-05,-6.778295e-05,-4.605899e-05,-4.605899e-05,-4.605899e-05,-3.968334e-05,-3.000888e-06,-3.000888e-06,-3.000888e-06,-3.000888e-06,-3.000888e-06,-1.052486e-09,0.0,0.0,0.0,0.0,0.0,0.0,0.0,0.0,0.0,0.0,0.0,0.0,0.0,0.0,0.0,0.0,-2.663862e-08,-4.270597e-07,-4.270597e-07,-4.270597e-07,-4.270597e-07,-4.270597e-07,-4.637491e-09,0.0,0.0,0.0,0.0,0.0,0.0,0.0,0.0,0.0,0.0,1.599567e-05,1.540733e-05,9.224614e-06,9.936499e-09,3.385887e-06,3.41651e-08,3.41651e-08,3.41651e-08,3.41651e-08,3.41651e-08,3.41651e-08,3.41651e-08,3.41651e-08,3.41651e-08,3.41651e-08,3.41651e-08,5.684993e-05,0.0002453258,0.0002453258,0.0002453258,0.0002453258,0.0002453258,0.0002285369,0.0002070087,0.0002070087,0.0002070087,0.0001743224,2.697014e-05,2.697014e-05,2.697014e-05,2.697014e-05,2.697014e-05,9.712995e-08
9237,102,"(886.73, 1096.88]",1.393789e-05,1.397501e-05,1.433585e-05,5.898691e-06,1.34609e-05,3.29153e-06,3.29153e-06,3.29153e-06,3.29153e-06,3.29153e-06,3.29153e-06,3.29153e-06,3.29153e-06,3.29153e-06,3.29153e-06,3.29153e-06,-3.750847e-06,-1.38833e-05,-1.38833e-05,-1.38833e-05,-1.38833e-05,-1.38833e-05,-5.60031e-05,-9.57225e-05,-9.57225e-05,-9.57225e-05,-8.256291e-05,-6.8489e-06,-6.8489e-06,-6.8489e-06,-6.8489e-06,-6.8489e-06,-2.402079e-09,0.0,0.0,0.0,0.0,0.0,0.0,0.0,0.0,0.0,0.0,0.0,0.0,0.0,0.0,0.0,0.0,-2.698957e-08,-4.32686e-07,-4.32686e-07,-4.32686e-07,-4.32686e-07,-4.32686e-07,-4.698587e-09,0.0,0.0,0.0,0.0,0.0,0.0,0.0,0.0,0.0,0.0,3.047782e-06,2.922533e-06,1.72071e-06,1.746267e-09,5.71307e-07,0.0,0.0,0.0,0.0,0.0,0.0,0.0,0.0,0.0,0.0,0.0,7.370722e-06,3.19882e-05,3.19882e-05,3.19882e-05,3.19882e-05,3.19882e-05,0.0002070087,0.000431436,0.000431436,0.000431436,0.0003642832,6.15537e-05,6.15537e-05,6.15537e-05,6.15537e-05,6.15537e-05,2.216788e-07
9237,102,"(1096.88, 1356.84]",1.393789e-05,1.397501e-05,1.433585e-05,5.898691e-06,1.34609e-05,3.29153e-06,3.29153e-06,3.29153e-06,3.29153e-06,3.29153e-06,3.29153e-06,3.29153e-06,3.29153e-06,3.29153e-06,3.29153e-06,3.29153e-06,-3.750847e-06,-1.38833e-05,-1.38833e-05,-1.38833e-05,-1.38833e-05,-1.38833e-05,-5.60031e-05,-9.57225e-05,-9.57225e-05,-9.57225e-05,-8.256291e-05,-6.8489e-06,-6.8489e-06,-6.8489e-06,-6.8489e-06,-6.8489e-06,-2.402079e-09,0.0,0.0,0.0,0.0,0.0,0.0,0.0,0.0,0.0,0.0,0.0,0.0,0.0,0.0,0.0,0.0,-2.698957e-08,-4.32686e-07,-4.32686e-07,-4.32686e-07,-4.32686e-07,-4.32686e-07,-4.698587e-09,0.0,0.0,0.0,0.0,0.0,0.0,0.0,0.0,0.0,0.0,3.047782e-06,2.922533e-06,1.72071e-06,1.746267e-09,5.71307e-07,0.0,0.0,0.0,0.0,0.0,0.0,0.0,0.0,0.0,0.0,0.0,7.370722e-06,3.19882e-05,3.19882e-05,3.19882e-05,3.19882e-05,3.19882e-05,0.0002070087,0.000431436,0.000431436,0.000431436,0.0003642832,6.15537e-05,6.15537e-05,6.15537e-05,6.15537e-05,6.15537e-05,2.216788e-07
9237,102,"(1356.84, 2095.49]",1.393789e-05,1.397501e-05,1.433585e-05,5.898691e-06,1.34609e-05,3.29153e-06,3.29153e-06,3.29153e-06,3.29153e-06,3.29153e-06,3.29153e-06,3.29153e-06,3.29153e-06,3.29153e-06,3.29153e-06,3.29153e-06,-3.750847e-06,-1.38833e-05,-1.38833e-05,-1.38833e-05,-1.38833e-05,-1.38833e-05,-5.60031e-05,-9.57225e-05,-9.57225e-05,-9.57225e-05,-8.256291e-05,-6.8489e-06,-6.8489e-06,-6.8489e-06,-6.8489e-06,-6.8489e-06,-2.402079e-09,0.0,0.0,0.0,0.0,0.0,0.0,0.0,0.0,0.0,0.0,0.0,0.0,0.0,0.0,0.0,0.0,-2.698957e-08,-4.32686e-07,-4.32686e-07,-4.32686e-07,-4.32686e-07,-4.32686e-07,-4.698587e-09,0.0,0.0,0.0,0.0,0.0,0.0,0.0,0.0,0.0,0.0,3.047782e-06,2.922533e-06,1.72071e-06,1.746267e-09,5.71307e-07,0.0,0.0,0.0,0.0,0.0,0.0,0.0,0.0,0.0,0.0,0.0,7.370722e-06,3.19882e-05,3.19882e-05,3.19882e-05,3.19882e-05,3.19882e-05,0.0002070087,0.000431436,0.000431436,0.000431436,0.0003642832,6.15537e-05,6.15537e-05,6.15537e-05,6.15537e-05,6.15537e-05,2.216788e-07
9237,102,"(2095.49, 3206.45]",1.171253e-05,1.174417e-05,1.204775e-05,4.95344e-06,1.131208e-05,2.77546e-06,2.77546e-06,2.77546e-06,2.77546e-06,2.77546e-06,2.77546e-06,2.77546e-06,2.77546e-06,2.77546e-06,2.77546e-06,2.77546e-06,-2.979252e-06,-1.123512e-05,-1.123512e-05,-1.123512e-05,-1.123512e-05,-1.123512e-05,-4.699507e-05,-8.071707e-05,-8.071707e-05,-8.071707e-05,-5.899213e-05,6.600287e-05,6.600287e-05,6.600287e-05,6.600287e-05,6.600287e-05,4.029344e-07,0.0,0.0,0.0,0.0,0.0,0.0,0.0,0.0,0.0,0.0,0.0,0.0,0.0,0.0,0.0,0.0,-2.208957e-08,-3.541311e-07,-3.541311e-07,-3.541311e-07,-3.541311e-07,-3.541311e-07,-3.845551e-09,0.0,0.0,0.0,4.827552e-05,0.0001870945,0.0001870945,0.0001870945,0.0001870945,0.0001870945,3.185748e-05,2.560222e-06,2.452475e-06,1.444161e-06,1.481394e-09,4.810259e-07,0.0,0.0,0.0,0.0,0.0,0.0,0.0,0.0,0.0,0.0,0.0,6.032555e-06,2.618069e-05,2.618069e-05,2.618069e-05,2.618069e-05,2.618069e-05,0.0001743224,0.0003642832,0.0003642832,0.0003642832,0.0003311724,0.0001819062,0.0001819062,0.0001819062,0.0001819062,0.0001819062,-8.565491e-05
9237,102,"(3206.45, 3266.3]",1.680413e-06,1.687342e-06,1.73282e-06,6.921785e-07,1.62504e-06,4.48978e-07,4.48978e-07,4.48978e-07,4.48978e-07,4.48978e-07,4.48978e-07,4.48978e-07,4.48978e-07,4.48978e-07,4.48978e-07,4.48978e-07,4.991564e-07,7.03078e-07,7.03078e-07,7.03078e-07,7.03078e-07,7.03078e-07,-6.38622e-06,-1.30715e-05,-1.30715e-05,-1.30715e-05,4.726669e-05,0.000394424,0.000394424,0.000394424,0.000394424,0.000394424,2.230221e-06,0.0,0.0,0.0,0.0,0.0,0.0,0.0,0.0,0.0,0.0,0.0,0.0,0.0,0.0,0.0,0.0,0.0,0.0,0.0,0.0,0.0,0.0,0.0,0.0,0.0,0.0,0.0002659051,0.00103053,0.00103053,0.00103053,0.00103053,0.00103053,0.0001754734,3.622692e-07,3.334173e-07,1.974591e-07,2.8733e-10,7.4032e-08,0.0,0.0,0.0,0.0,0.0,0.0,0.0,0.0,0.0,0.0,0.0,0.0,0.0,0.0,0.0,0.0,0.0,2.697014e-05,6.15537e-05,6.15537e-05,6.15537e-05,0.0001819062,0.000724464,0.000724464,0.000724464,0.000724464,0.000724464,-0.0004727928
9237,102,"(3266.3, 4556.53]",1.680413e-06,1.687342e-06,1.73282e-06,6.921785e-07,1.62504e-06,4.48978e-07,4.48978e-07,4.48978e-07,4.48978e-07,4.48978e-07,4.48978e-07,4.48978e-07,4.48978e-07,4.48978e-07,4.48978e-07,4.48978e-07,4.991564e-07,7.03078e-07,7.03078e-07,7.03078e-07,7.03078e-07,7.03078e-07,-6.38622e-06,-1.30715e-05,-1.30715e-05,-1.30715e-05,4.726669e-05,0.000394424,0.000394424,0.000394424,0.000394424,0.000394424,2.230221e-06,0.0,0.0,0.0,0.0,0.0,0.0,0.0,0.0,0.0,0.0,0.0,0.0,0.0,0.0,0.0,0.0,0.0,0.0,0.0,0.0,0.0,0.0,0.0,0.0,0.0,0.0,0.0002659051,0.00103053,0.00103053,0.00103053,0.00103053,0.00103053,0.0001754734,3.622692e-07,3.334173e-07,1.974591e-07,2.8733e-10,7.4032e-08,0.0,0.0,0.0,0.0,0.0,0.0,0.0,0.0,0.0,0.0,0.0,0.0,0.0,0.0,0.0,0.0,0.0,2.697014e-05,6.15537e-05,6.15537e-05,6.15537e-05,0.0001819062,0.000724464,0.000724464,0.000724464,0.000724464,0.000724464,-0.0004727928
9237,102,"(4556.53, 5636.43]",1.680413e-06,1.687342e-06,1.73282e-06,6.921785e-07,1.62504e-06,4.48978e-07,4.48978e-07,4.48978e-07,4.48978e-07,4.48978e-07,4.48978e-07,4.48978e-07,4.48978e-07,4.48978e-07,4.48978e-07,4.48978e-07,4.991564e-07,7.03078e-07,7.03078e-07,7.03078e-07,7.03078e-07,7.03078e-07,-6.38622e-06,-1.30715e-05,-1.30715e-05,-1.30715e-05,4.726669e-05,0.000394424,0.000394424,0.000394424,0.000394424,0.000394424,2.230221e-06,0.0,0.0,0.0,0.0,0.0,0.0,0.0,0.0,0.0,0.0,0.0,0.0,0.0,0.0,0.0,0.0,0.0,0.0,0.0,0.0,0.0,0.0,0.0,0.0,0.0,0.0,0.0002659051,0.00103053,0.00103053,0.00103053,0.00103053,0.00103053,0.0001754734,3.622692e-07,3.334173e-07,1.974591e-07,2.8733e-10,7.4032e-08,0.0,0.0,0.0,0.0,0.0,0.0,0.0,0.0,0.0,0.0,0.0,0.0,0.0,0.0,0.0,0.0,0.0,2.697014e-05,6.15537e-05,6.15537e-05,6.15537e-05,0.0001819062,0.000724464,0.000724464,0.000724464,0.000724464,0.000724464,-0.0004727928
9237,102,"(5636.43, 9286.92]",1.680413e-06,1.687342e-06,1.73282e-06,6.921785e-07,1.62504e-06,4.48978e-07,4.48978e-07,4.48978e-07,4.48978e-07,4.48978e-07,4.48978e-07,4.48978e-07,4.48978e-07,4.48978e-07,4.48978e-07,4.48978e-07,4.991564e-07,7.03078e-07,7.03078e-07,7.03078e-07,7.03078e-07,7.03078e-07,-6.38622e-06,-1.30715e-05,-1.30715e-05,-1.30715e-05,4.726669e-05,0.000394424,0.000394424,0.000394424,0.000394424,0.000394424,2.230221e-06,0.0,0.0,0.0,0.0,0.0,0.0,0.0,0.0,0.0,0.0,0.0,0.0,0.0,0.0,0.0,0.0,0.0,0.0,0.0,0.0,0.0,0.0,0.0,0.0,0.0,0.0,0.0002659051,0.00103053,0.00103053,0.00103053,0.00103053,0.00103053,0.0001754734,3.622692e-07,3.334173e-07,1.974591e-07,2.8733e-10,7.4032e-08,0.0,0.0,0.0,0.0,0.0,0.0,0.0,0.0,0.0,0.0,0.0,0.0,0.0,0.0,0.0,0.0,0.0,2.697014e-05,6.15537e-05,6.15537e-05,6.15537e-05,0.0001819062,0.000724464,0.000724464,0.000724464,0.000724464,0.000724464,-0.0004727928
9237,102,"(9286.92, 15301.7]",1.680413e-06,1.687342e-06,1.73282e-06,6.921785e-07,1.62504e-06,4.48978e-07,4.48978e-07,4.48978e-07,4.48978e-07,4.48978e-07,4.48978e-07,4.48978e-07,4.48978e-07,4.48978e-07,4.48978e-07,4.48978e-07,4.991564e-07,7.03078e-07,7.03078e-07,7.03078e-07,7.03078e-07,7.03078e-07,-6.38622e-06,-1.30715e-05,-1.30715e-05,-1.30715e-05,4.726669e-05,0.000394424,0.000394424,0.000394424,0.000394424,0.000394424,2.230221e-06,0.0,0.0,0.0,0.0,0.0,0.0,0.0,0.0,0.0,0.0,0.0,0.0,0.0,0.0,0.0,0.0,0.0,0.0,0.0,0.0,0.0,0.0,0.0,0.0,0.0,0.0,0.0002659051,0.00103053,0.00103053,0.00103053,0.00103053,0.00103053,0.0001754734,3.622692e-07,3.334173e-07,1.974591e-07,2.8733e-10,7.4032e-08,0.0,0.0,0.0,0.0,0.0,0.0,0.0,0.0,0.0,0.0,0.0,0.0,0.0,0.0,0.0,0.0,0.0,2.697014e-05,6.15537e-05,6.15537e-05,6.15537e-05,0.0001819062,0.000724464,0.000724464,0.000724464,0.000724464,0.000724464,-0.0004727928
9237,102,"(15301.7, 20000000.0]",6.051822e-09,6.076773e-09,6.240558e-09,2.492804e-09,5.852401e-09,1.616944e-09,1.616944e-09,1.616944e-09,1.616944e-09,1.616944e-09,1.616944e-09,1.616944e-09,1.616944e-09,1.616944e-09,1.616944e-09,1.616944e-09,1.797656e-09,2.532057e-09,2.532057e-09,2.532057e-09,2.532057e-09,2.532057e-09,-2.299926e-08,-4.707555e-08,-4.707555e-08,-4.707555e-08,2.766779e-05,0.000187126,0.000187126,0.000187126,0.000187126,0.000187126,0.0001592232,0.0,0.0,0.0,0.0,0.0,0.0,0.0,0.0,0.0,0.0,0.0,0.0,0.0,0.0,0.0,0.0,0.0,0.0,0.0,0.0,0.0,0.0,0.0,0.0,0.0,0.0,-0.0003670763,-0.001422625,-0.001422625,-0.001422625,-0.001422625,-0.001422625,-0.0001472468,1.304672e-09,1.200765e-09,7.11127e-10,1.03479e-12,2.66618e-10,0.0,0.0,0.0,0.0,0.0,0.0,0.0,0.0,0.0,0.0,0.0,0.0,0.0,0.0,0.0,0.0,0.0,9.712995e-08,2.216788e-07,2.216788e-07,2.216788e-07,-8.565491e-05,-0.0004727928,-0.0004727928,-0.0004727928,-0.0004727928,-0.0004727928,0.001684193
